Date,Open,High,Low,Close,Volume
2024-01-01 00:00:00,42000.0,42270.62,41946.4,42108.51,1894.3
2024-01-01 01:00:00,42133.95,42145.14,42022.08,42083.61,886.1
2024-01-01 02:00:00,42180.56,42369.43,42078.78,42224.1,909.2
2024-01-01 03:00:00,42161.64,42625.48,42474.26,42549.87,4654.5
2024-01-01 04:00:00,42603.45,42787.29,42221.33,42504.31,3601.8
2024-01-01 05:00:00,42553.04,42782.92,42134.68,42458.8,1072.0
2024-01-01 06:00:00,42417.47,42862.77,42733.84,42798.3,2105.3
2024-01-01 07:00:00,42841.41,43297.04,42636.57,42966.81,3166.2
2024-01-01 08:00:00,42981.25,43069.94,42670.55,42870.24,4260.1
2024-01-01 09:00:00,42860.49,43123.97,42857.69,42990.83,696.5
2024-01-01 10:00:00,42955.41,42961.49,42829.54,42895.52,1564.8
2024-01-01 11:00:00,42864.67,42992.7,42607.13,42799.92,4503.9
2024-01-01 12:00:00,42887.65,43137.18,42574.77,42855.98,541.2
2024-01-01 13:00:00,42856.01,42702.85,42197.72,42450.28,1406.3
2024-01-01 14:00:00,42483.49,42145.3,42031.53,42088.41,4815.6
2024-01-01 15:00:00,42055.13,42037.69,41910.9,41974.29,3260.3
2024-01-01 16:00:00,41941.56,41925.48,41606.38,41765.93,1677.5
2024-01-01 17:00:00,41811.12,41964.04,41707.42,41835.73,801.5
2024-01-01 18:00:00,41779.27,41759.37,41540.57,41649.97,626.9
2024-01-01 19:00:00,41632.68,41482.74,41237.31,41360.02,1601.4
2024-01-01 20:00:00,41361.43,41943.28,41391.24,41667.26,4466.7
2024-01-01 21:00:00,41671.9,41936.76,41312.01,41624.39,2371.6
2024-01-01 22:00:00,41616.93,41802.33,41482.87,41642.6,3741.5
2024-01-01 23:00:00,41659.09,41653.74,41046.49,41350.12,4632.3
2024-01-02 00:00:00,41378.77,41375.75,41107.64,41241.7,2336.2
2024-01-02 01:00:00,41272.0,41447.6,41089.79,41268.7,1360.7
2024-01-02 02:00:00,41228.01,41141.29,40929.36,41035.32,2827.0
2024-01-02 03:00:00,41023.66,41341.97,40891.06,41116.51,4586.4
2024-01-02 04:00:00,41165.64,41319.09,40675.2,40997.14,4119.7
2024-01-02 05:00:00,41033.82,41155.35,40727.55,40941.45,796.2
2024-01-02 06:00:00,40885.24,40965.44,40679.3,40822.37,3616.6
2024-01-02 07:00:00,40836.72,41432.58,40976.47,41204.52,3073.5
2024-01-02 08:00:00,41123.01,41282.52,41129.2,41205.86,4583.6
2024-01-02 09:00:00,41207.8,41288.05,40696.08,40992.06,1051.2
2024-01-02 10:00:00,41069.86,41350.88,40978.62,41164.75,2903.2
2024-01-02 11:00:00,41125.73,41087.21,40747.97,40917.59,4457.6
2024-01-02 12:00:00,40883.45,41173.38,40755.45,40964.41,2345.1
2024-01-02 13:00:00,40995.71,40785.11,40349.14,40567.13,2669.0
2024-01-02 14:00:00,40504.54,40362.33,40241.23,40301.78,817.1
2024-01-02 15:00:00,40276.28,40578.61,40112.35,40345.48,1751.6
2024-01-02 16:00:00,40369.54,40607.57,40389.4,40498.48,1960.3
2024-01-02 17:00:00,40472.79,40780.36,40294.1,40537.23,4753.1
2024-01-02 18:00:00,40527.67,40791.66,40244.04,40517.85,1772.0
2024-01-02 19:00:00,40548.0,40729.06,40192.73,40460.9,2573.9
2024-01-02 20:00:00,40477.95,40361.34,39970.32,40165.83,3520.9
2024-01-02 21:00:00,40176.55,40211.05,39839.52,40025.28,1229.8
2024-01-02 22:00:00,40011.71,40016.98,39857.22,39937.1,2689.0
2024-01-02 23:00:00,39951.88,40410.26,39894.11,40152.19,3823.4
2024-01-03 00:00:00,40147.22,40341.83,40108.54,40225.19,4400.8
2024-01-03 01:00:00,40243.6,40053.13,39696.1,39874.62,3318.2
2024-01-03 02:00:00,39854.8,40062.64,39823.79,39943.22,3510.7
2024-01-03 03:00:00,39935.92,39947.52,39793.08,39870.3,1068.3
2024-01-03 04:00:00,39830.83,39954.21,39524.48,39739.34,4756.0
2024-01-03 05:00:00,39737.95,39919.88,39809.83,39864.86,1096.6
2024-01-03 06:00:00,39832.53,40324.43,39824.26,40074.35,3986.0
2024-01-03 07:00:00,40029.7,40394.73,40135.18,40264.96,1691.7
2024-01-03 08:00:00,40275.37,40140.17,40059.89,40100.03,4701.2
2024-01-03 09:00:00,40108.56,40225.35,39858.73,40042.04,3739.8
2024-01-03 10:00:00,40073.39,40165.63,40059.1,40112.37,3892.2
2024-01-03 11:00:00,40095.07,40430.28,40193.79,40312.04,1485.8
2024-01-03 12:00:00,40328.48,40458.74,39980.23,40219.48,2493.7
2024-01-03 13:00:00,40241.64,40243.99,40128.35,40186.17,3280.2
2024-01-03 14:00:00,40204.04,40242.69,39693.1,39967.89,3964.9
2024-01-03 15:00:00,39934.89,39773.64,39692.04,39732.84,967.8
2024-01-03 16:00:00,39738.77,40007.07,39789.4,39898.23,4830.6
2024-01-03 17:00:00,39912.76,40421.3,39924.26,40172.78,4506.0
2024-01-03 18:00:00,40173.07,40291.41,40033.26,40162.33,1716.6
2024-01-03 19:00:00,40078.54,40437.03,40298.71,40367.87,4202.4
2024-01-03 20:00:00,40374.35,40587.33,40302.47,40444.9,2832.5
2024-01-03 21:00:00,40534.39,40435.12,40201.85,40318.49,2578.1
2024-01-03 22:00:00,40303.97,40674.06,40116.69,40395.37,1915.0
2024-01-03 23:00:00,40365.96,40840.06,40580.05,40710.06,3114.4
2024-01-04 00:00:00,40725.26,40972.35,40441.33,40706.84,3784.5
2024-01-04 01:00:00,40719.55,41326.55,40732.19,41029.37,2349.2
2024-01-04 02:00:00,41078.3,40659.51,40332.57,40496.04,3331.5
2024-01-04 03:00:00,40445.1,40966.2,40366.81,40666.51,3646.9
2024-01-04 04:00:00,40696.25,40836.43,40540.12,40688.27,3700.0
2024-01-04 05:00:00,40712.3,40946.35,40316.68,40631.51,733.8
2024-01-04 06:00:00,40625.74,40720.28,40588.15,40654.22,4368.9
2024-01-04 07:00:00,40667.98,40488.11,40020.42,40254.27,2562.1
2024-01-04 08:00:00,40295.71,40393.3,40034.86,40214.08,1680.9
2024-01-04 09:00:00,40249.16,40439.52,40140.29,40289.9,1587.9
2024-01-04 10:00:00,40243.85,40812.03,40371.28,40591.65,2673.6
2024-01-04 11:00:00,40624.95,40730.51,40250.54,40490.53,4490.7
2024-01-04 12:00:00,40487.91,40372.46,40289.33,40330.89,2202.6
2024-01-04 13:00:00,40333.83,40321.0,40146.49,40233.74,3873.8
2024-01-04 14:00:00,40236.69,40664.1,40179.74,40421.92,935.7
2024-01-04 15:00:00,40415.85,40721.78,40263.03,40492.4,2642.3
2024-01-04 16:00:00,40540.66,40702.71,40075.68,40389.2,4962.6
2024-01-04 17:00:00,40385.82,40753.12,40240.65,40496.89,3967.0
2024-01-04 18:00:00,40451.55,40830.8,40210.39,40520.59,1447.4
2024-01-04 19:00:00,40504.65,40961.87,40479.92,40720.9,2756.5
2024-01-04 20:00:00,40728.17,40707.28,40456.78,40582.03,1551.3
2024-01-04 21:00:00,40631.91,40590.01,40449.2,40519.6,2343.0
2024-01-04 22:00:00,40544.04,40706.0,40182.43,40444.21,4010.4
2024-01-04 23:00:00,40409.81,40373.5,39931.1,40152.3,3970.5
2024-01-05 00:00:00,40252.09,40269.55,40161.99,40215.77,1526.5
2024-01-05 01:00:00,40226.42,40414.05,40130.51,40272.28,4650.0
2024-01-05 02:00:00,40323.64,40587.38,39967.3,40277.34,3166.6
2024-01-05 03:00:00,40271.23,40415.29,40052.96,40234.12,2209.7
2024-01-05 04:00:00,40255.58,40114.39,39792.44,39953.42,2758.7
2024-01-05 05:00:00,39986.96,40041.0,39705.76,39873.38,3222.8
2024-01-05 06:00:00,39921.95,39907.06,39711.03,39809.04,3019.5
2024-01-05 07:00:00,39851.13,39795.33,39511.34,39653.33,2688.8
2024-01-05 08:00:00,39687.92,39767.52,39483.12,39625.32,2772.2
2024-01-05 09:00:00,39612.84,39763.6,39655.07,39709.34,1293.9
2024-01-05 10:00:00,39686.63,40343.28,39832.33,40087.8,4157.3
2024-01-05 11:00:00,40101.14,40283.92,39969.69,40126.8,2937.9
2024-01-05 12:00:00,40164.25,40453.93,39911.05,40182.49,1089.9
2024-01-05 13:00:00,40173.54,40450.84,39892.26,40171.55,3947.7
2024-01-05 14:00:00,40214.34,39889.01,39691.33,39790.17,4696.0
2024-01-05 15:00:00,39847.97,40011.75,39566.0,39788.87,4762.9
2024-01-05 16:00:00,39752.41,39976.23,39633.44,39804.83,2160.6
2024-01-05 17:00:00,39771.52,40587.65,40010.47,40299.06,1109.8
2024-01-05 18:00:00,40293.4,40365.4,40163.26,40264.33,2832.8
2024-01-05 19:00:00,40276.72,40560.74,40097.39,40329.06,1006.7
2024-01-05 20:00:00,40307.91,40537.98,40114.21,40326.1,4702.9
2024-01-05 21:00:00,40380.63,40217.46,39971.51,40094.49,1326.1
2024-01-05 22:00:00,40111.49,40406.49,40248.71,40327.6,1637.4
2024-01-05 23:00:00,40329.19,40708.4,40258.11,40483.25,2329.9
2024-01-06 00:00:00,40425.12,40898.22,40396.62,40647.42,2224.2
2024-01-06 01:00:00,40593.94,40596.54,40336.79,40466.66,4076.0
2024-01-06 02:00:00,40478.04,40979.26,40529.83,40754.54,2553.4
2024-01-06 03:00:00,40667.63,40625.38,40320.54,40472.96,1268.5
2024-01-06 04:00:00,40513.94,40839.03,40352.5,40595.77,1702.4
2024-01-06 05:00:00,40589.35,41142.72,40946.16,41044.44,2791.0
2024-01-06 06:00:00,41177.55,41140.64,40549.89,40845.27,1163.5
2024-01-06 07:00:00,40939.53,40856.38,40611.01,40733.7,3252.5
2024-01-06 08:00:00,40726.31,40903.76,40612.38,40758.07,3045.9
2024-01-06 09:00:00,40753.73,40716.73,40602.35,40659.54,3716.2
2024-01-06 10:00:00,40700.02,40420.2,40276.51,40348.36,4719.7
2024-01-06 11:00:00,40417.08,40552.36,40180.1,40366.23,4605.1
2024-01-06 12:00:00,40300.1,40271.23,40040.48,40155.86,4757.3
2024-01-06 13:00:00,40084.12,40530.64,39979.28,40254.96,1601.2
2024-01-06 14:00:00,40229.92,40118.12,40029.73,40073.93,1092.0
2024-01-06 15:00:00,40097.28,40536.06,40240.93,40388.49,1860.2
2024-01-06 16:00:00,40408.56,40369.61,40099.12,40234.36,4527.9
2024-01-06 17:00:00,40277.4,40219.2,40127.99,40173.6,4874.2
2024-01-06 18:00:00,40125.4,40416.48,40265.56,40341.02,4367.0
2024-01-06 19:00:00,40247.59,40252.98,39940.59,40096.78,995.1
2024-01-06 20:00:00,40131.19,40325.05,39967.74,40146.4,4763.4
2024-01-06 21:00:00,40113.15,40567.58,40258.01,40412.8,2405.1
2024-01-06 22:00:00,40331.22,40281.12,39902.93,40092.02,541.9
2024-01-06 23:00:00,40097.84,40340.37,39925.72,40133.04,2490.8
2024-01-07 00:00:00,40164.88,40232.19,40146.23,40189.21,707.3
2024-01-07 01:00:00,40184.3,40521.77,40178.89,40350.33,2947.5
2024-01-07 02:00:00,40331.86,40415.4,39794.22,40104.81,2023.5
2024-01-07 03:00:00,40098.42,40028.64,39659.43,39844.04,2630.5
2024-01-07 04:00:00,39829.27,40181.44,39722.56,39952.0,3259.3
2024-01-07 05:00:00,39898.14,40142.69,39887.95,40015.32,4409.6
2024-01-07 06:00:00,39986.72,40326.6,39812.28,40069.44,3478.6
2024-01-07 07:00:00,40090.33,40400.19,39885.52,40142.86,2453.2
2024-01-07 08:00:00,40155.77,40196.39,39824.37,40010.38,4187.4
2024-01-07 09:00:00,40017.11,40374.61,39747.09,40060.85,4575.1
2024-01-07 10:00:00,40020.98,40198.94,40048.17,40123.56,1038.9
2024-01-07 11:00:00,40116.27,40028.98,39939.53,39984.26,2893.7
2024-01-07 12:00:00,39897.21,40619.22,40103.31,40361.26,1780.3
2024-01-07 13:00:00,40368.47,40729.99,40191.85,40460.92,711.8
2024-01-07 14:00:00,40518.73,40298.03,40149.89,40223.96,3508.5
2024-01-07 15:00:00,40164.67,40475.42,40244.64,40360.03,4382.5
2024-01-07 16:00:00,40336.38,40212.48,40122.27,40167.37,1233.1
2024-01-07 17:00:00,40180.59,40452.6,40206.33,40329.47,4155.9
2024-01-07 18:00:00,40379.99,40827.24,40307.01,40567.13,4340.3
2024-01-07 19:00:00,40548.94,40591.62,40217.82,40404.72,4614.5
2024-01-07 20:00:00,40376.75,40742.93,40463.85,40603.39,1693.8
2024-01-07 21:00:00,40523.44,40837.82,40544.67,40691.25,4567.8
2024-01-07 22:00:00,40695.46,40903.82,40821.32,40862.57,1943.0
2024-01-07 23:00:00,40946.01,41382.03,41126.36,41254.2,2985.5
2024-01-08 00:00:00,41265.64,41435.39,40980.02,41207.7,727.3
2024-01-08 01:00:00,41206.79,41377.56,40735.49,41056.53,697.5
2024-01-08 02:00:00,41069.75,41161.29,40594.77,40878.03,3741.7
2024-01-08 03:00:00,40877.58,40762.81,40667.93,40715.37,2500.2
2024-01-08 04:00:00,40682.27,41000.48,40407.02,40703.75,1653.3
2024-01-08 05:00:00,40737.26,41041.59,40512.92,40777.25,1356.9
2024-01-08 06:00:00,40786.46,41101.66,40573.82,40837.74,3514.8
2024-01-08 07:00:00,40838.46,41183.22,40838.24,41010.73,501.8
2024-01-08 08:00:00,40970.73,41172.79,40862.2,41017.49,4126.5
2024-01-08 09:00:00,41070.96,41448.63,41190.76,41319.7,856.6
2024-01-08 10:00:00,41347.16,41329.4,41208.9,41269.15,1361.7
2024-01-08 11:00:00,41246.33,41943.25,41725.9,41834.57,2238.1
2024-01-08 12:00:00,41876.49,42084.05,41855.21,41969.63,2681.9
2024-01-08 13:00:00,41948.75,41977.37,41610.54,41793.95,2097.5
2024-01-08 14:00:00,41761.27,41833.45,41315.25,41574.35,1943.2
2024-01-08 15:00:00,41542.77,41858.71,41498.89,41678.8,4837.6
2024-01-08 16:00:00,41604.98,41694.89,41577.9,41636.4,3387.1
2024-01-08 17:00:00,41656.03,42111.17,41467.24,41789.2,605.4
2024-01-08 18:00:00,41712.68,42210.61,41573.92,41892.27,2435.8
2024-01-08 19:00:00,41840.8,42153.27,41609.13,41881.2,4437.5
2024-01-08 20:00:00,41794.27,42039.2,41376.93,41708.06,1856.6
2024-01-08 21:00:00,41704.47,41595.5,41197.15,41396.33,925.5
2024-01-08 22:00:00,41390.11,41627.75,40988.35,41308.05,3912.7
2024-01-08 23:00:00,41294.55,41552.51,41425.61,41489.06,3227.1
2024-01-09 00:00:00,41445.8,41685.48,41389.76,41537.62,3066.4
2024-01-09 01:00:00,41488.93,41389.46,41176.64,41283.05,741.1
2024-01-09 02:00:00,41302.22,41420.89,41224.95,41322.92,1132.2
2024-01-09 03:00:00,41300.17,41488.89,41324.45,41406.67,3301.5
2024-01-09 04:00:00,41419.77,41448.67,41006.97,41227.82,1435.2
2024-01-09 05:00:00,41191.32,41530.58,40996.69,41263.63,2768.3
2024-01-09 06:00:00,41271.1,41488.15,41071.39,41279.77,2952.0
2024-01-09 07:00:00,41333.57,41131.27,40964.71,41047.99,1775.8
2024-01-09 08:00:00,41072.05,41400.16,40850.9,41125.53,4767.9
2024-01-09 09:00:00,41108.57,41469.81,41020.1,41244.95,4291.1
2024-01-09 10:00:00,41255.56,41626.59,41318.27,41472.43,3750.7
2024-01-09 11:00:00,41462.45,41933.54,41456.64,41695.09,851.0
2024-01-09 12:00:00,41695.42,41528.81,41295.3,41412.05,977.6
2024-01-09 13:00:00,41398.57,41362.84,41081.18,41222.01,2717.5
2024-01-09 14:00:00,41215.23,41639.07,41025.5,41332.28,1223.2
2024-01-09 15:00:00,41341.05,41568.31,41316.88,41442.6,4902.2
2024-01-09 16:00:00,41401.43,41731.73,41375.21,41553.47,1213.3
2024-01-09 17:00:00,41511.25,42664.38,42051.8,42358.09,2693.6
2024-01-09 18:00:00,42299.28,42736.19,42230.29,42483.24,2138.5
2024-01-09 19:00:00,42415.25,42790.03,42667.37,42728.7,3377.2
2024-01-09 20:00:00,42676.69,43024.0,42849.58,42936.79,1080.7
2024-01-09 21:00:00,42943.64,43126.37,43035.48,43080.93,2436.4
2024-01-09 22:00:00,43042.46,43250.32,42784.32,43017.32,1736.2
2024-01-09 23:00:00,43039.42,43363.38,43006.35,43184.87,4494.9
2024-01-10 00:00:00,43186.37,43105.78,42938.86,43022.32,682.6
2024-01-10 01:00:00,42937.63,43306.83,42644.52,42975.68,4611.8
2024-01-10 02:00:00,43003.82,43077.52,42673.84,42875.68,4248.5
2024-01-10 03:00:00,42910.44,43013.05,42781.98,42897.52,1839.1
2024-01-10 04:00:00,42854.88,43593.75,43202.8,43398.27,4051.8
2024-01-10 05:00:00,43416.51,43244.98,42749.88,42997.43,640.5
2024-01-10 06:00:00,42960.61,43215.45,43083.09,43149.27,4850.9
2024-01-10 07:00:00,43153.48,42930.76,42680.53,42805.65,2869.7
2024-01-10 08:00:00,42751.52,42992.88,42424.96,42708.92,1864.8
2024-01-10 09:00:00,42632.34,43126.86,42764.6,42945.73,2131.6
2024-01-10 10:00:00,42929.29,43171.17,42756.48,42963.83,798.8
2024-01-10 11:00:00,42958.51,42908.82,42564.39,42736.6,4952.1
2024-01-10 12:00:00,42719.61,42643.71,42532.36,42588.03,676.8
2024-01-10 13:00:00,42537.6,42829.33,42644.68,42737.0,3447.1
2024-01-10 14:00:00,42719.91,42760.61,42409.81,42585.21,2492.3
2024-01-10 15:00:00,42596.68,42740.62,42530.49,42635.56,4770.1
2024-01-10 16:00:00,42633.64,42707.11,42591.96,42649.53,1607.0
2024-01-10 17:00:00,42657.32,42808.44,42221.26,42514.85,2894.4
2024-01-10 18:00:00,42486.36,43312.99,42636.71,42974.85,2670.6
2024-01-10 19:00:00,43025.2,43397.85,42832.86,43115.36,3662.9
2024-01-10 20:00:00,43064.65,42980.87,42385.32,42683.09,806.0
2024-01-10 21:00:00,42703.9,42842.26,42612.05,42727.15,1372.1
2024-01-10 22:00:00,42777.65,42919.03,42261.06,42590.05,1465.5
2024-01-10 23:00:00,42610.53,42877.57,42674.09,42775.83,3821.7
2024-01-11 00:00:00,42767.17,42937.0,42284.21,42610.61,1351.1
2024-01-11 01:00:00,42588.09,42929.6,42251.24,42590.42,3080.7
2024-01-11 02:00:00,42634.55,42957.67,42446.77,42702.22,1468.6
2024-01-11 03:00:00,42641.45,43228.81,42553.87,42891.34,4377.3
2024-01-11 04:00:00,42849.73,42850.84,42425.59,42638.21,4739.8
2024-01-11 05:00:00,42621.26,42691.08,42451.25,42571.17,2833.2
2024-01-11 06:00:00,42623.85,42646.73,42301.93,42474.33,2085.4
2024-01-11 07:00:00,42490.46,42558.09,42121.57,42339.83,1553.3
2024-01-11 08:00:00,42298.84,42782.38,42653.23,42717.81,724.0
2024-01-11 09:00:00,42704.55,43037.88,42579.28,42808.58,1708.3
2024-01-11 10:00:00,42782.28,42877.71,42208.24,42542.97,3444.1
2024-01-11 11:00:00,42512.78,42842.09,42642.85,42742.47,2901.3
2024-01-11 12:00:00,42784.31,43483.16,42917.39,43200.28,4748.2
2024-01-11 13:00:00,43141.02,43747.03,43108.19,43427.61,2283.2
2024-01-11 14:00:00,43497.48,43429.87,42774.21,43102.04,3622.4
2024-01-11 15:00:00,43137.74,43334.01,42669.98,43001.99,2702.0
2024-01-11 16:00:00,43048.9,43479.95,43077.44,43278.69,2806.6
2024-01-11 17:00:00,43258.66,43468.07,42791.7,43129.89,1705.0
2024-01-11 18:00:00,43123.42,43502.31,42957.51,43229.91,2547.3
2024-01-11 19:00:00,43167.95,43494.19,43309.15,43401.67,2618.5
2024-01-11 20:00:00,43378.9,43392.29,43017.42,43204.86,3679.9
2024-01-11 21:00:00,43226.18,43456.72,42935.92,43196.32,4732.9
2024-01-11 22:00:00,43252.3,42616.67,42384.5,42500.58,1981.9
2024-01-11 23:00:00,42453.53,42519.06,42055.23,42287.15,689.9
2024-01-12 00:00:00,42271.69,42477.3,41998.65,42237.97,2733.3
2024-01-12 01:00:00,42231.58,42068.47,41888.89,41978.68,2950.1
2024-01-12 02:00:00,41920.09,42535.26,42115.76,42325.51,1258.0
2024-01-12 03:00:00,42350.54,42296.12,41758.05,42027.08,3922.1
2024-01-12 04:00:00,41996.66,42127.22,41750.42,41938.82,4932.2
2024-01-12 05:00:00,41930.62,42015.95,41924.9,41970.43,4756.0
2024-01-12 06:00:00,41951.46,42322.03,42232.13,42277.08,1387.0
2024-01-12 07:00:00,42243.71,42124.68,41830.9,41977.79,4439.1
2024-01-12 08:00:00,41977.49,42542.11,41910.13,42226.12,3670.2
2024-01-12 09:00:00,42217.02,42342.34,42122.67,42232.5,2542.3
2024-01-12 10:00:00,42216.8,42258.13,41800.8,42029.47,2932.7
2024-01-12 11:00:00,41998.85,42238.41,42023.16,42130.78,4323.2
2024-01-12 12:00:00,42144.24,42314.07,42039.78,42176.93,2660.6
2024-01-12 13:00:00,42246.67,42346.27,41762.87,42054.57,2179.4
2024-01-12 14:00:00,42060.45,42330.18,41816.72,42073.45,2719.6
2024-01-12 15:00:00,42115.36,42066.64,41926.56,41996.6,3106.1
2024-01-12 16:00:00,41938.22,42192.77,41856.5,42024.64,1350.8
2024-01-12 17:00:00,42031.27,42218.75,42117.19,42167.97,4554.1
2024-01-12 18:00:00,42121.69,42692.17,42320.99,42506.58,3533.8
2024-01-12 19:00:00,42443.8,42485.91,42009.6,42247.76,3349.7
2024-01-12 20:00:00,42216.52,42780.68,42624.43,42702.56,947.7
2024-01-12 21:00:00,42753.46,42417.84,42162.23,42290.03,3218.8
2024-01-12 22:00:00,42330.21,42422.12,42102.21,42262.17,1044.3
2024-01-12 23:00:00,42272.44,42705.96,42075.46,42390.71,854.1
2024-01-13 00:00:00,42325.74,42792.14,42116.88,42454.51,2872.9
2024-01-13 01:00:00,42446.18,42382.2,42270.94,42326.57,2312.5
2024-01-13 02:00:00,42339.34,42554.31,42019.21,42286.76,3149.6
2024-01-13 03:00:00,42294.18,42338.71,42034.79,42186.75,901.5
2024-01-13 04:00:00,42108.97,42224.28,41909.02,42066.65,2439.4
2024-01-13 05:00:00,42029.2,42514.88,41984.24,42249.56,1286.5
2024-01-13 06:00:00,42246.85,42643.67,42014.74,42329.2,4942.0
2024-01-13 07:00:00,42351.9,42509.79,41863.78,42186.78,3025.2
2024-01-13 08:00:00,42094.14,42594.35,42167.17,42380.76,3593.5
2024-01-13 09:00:00,42373.89,42598.68,42301.55,42450.11,1964.4
2024-01-13 10:00:00,42456.19,42904.51,42349.27,42626.89,926.3
2024-01-13 11:00:00,42663.11,42883.25,42647.44,42765.35,4891.4
2024-01-13 12:00:00,42794.98,42803.13,42381.59,42592.36,1788.2
2024-01-13 13:00:00,42617.18,42626.42,42328.23,42477.33,2407.1
2024-01-13 14:00:00,42443.35,42878.92,42401.66,42640.29,3424.4
2024-01-13 15:00:00,42558.93,42889.44,42659.93,42774.68,611.1
2024-01-13 16:00:00,42757.87,42874.63,42674.35,42774.49,4146.2
2024-01-13 17:00:00,42817.34,43121.79,42485.93,42803.86,2914.6
2024-01-13 18:00:00,42863.51,43155.37,43007.8,43081.59,1752.0
2024-01-13 19:00:00,43112.2,43153.57,42763.36,42958.47,777.2
2024-01-13 20:00:00,42976.91,43189.96,42970.59,43080.27,1231.2
2024-01-13 21:00:00,43096.63,43095.8,42986.26,43041.03,4527.7
2024-01-13 22:00:00,43017.09,43052.33,42944.65,42998.49,3587.1
2024-01-13 23:00:00,42992.9,43335.29,43142.74,43239.02,1624.6
2024-01-14 00:00:00,43311.19,43728.67,43114.91,43421.79,795.2
2024-01-14 01:00:00,43380.86,43732.57,43472.93,43602.75,3607.8
2024-01-14 02:00:00,43673.16,44227.64,43555.81,43891.73,3075.8
2024-01-14 03:00:00,43877.59,44123.36,43678.09,43900.72,2320.3
2024-01-14 04:00:00,43958.91,44233.51,43876.11,44054.81,2136.3
2024-01-14 05:00:00,43992.83,44213.49,43768.25,43990.87,1475.7
2024-01-14 06:00:00,44016.64,44270.02,43863.12,44066.57,3513.3
2024-01-14 07:00:00,44034.1,44320.27,43764.33,44042.3,4868.0
2024-01-14 08:00:00,43979.97,44199.28,43936.85,44068.06,1290.7
2024-01-14 09:00:00,44077.69,44357.05,44050.16,44203.61,3187.0
2024-01-14 10:00:00,44248.23,44346.77,43707.61,44027.19,2408.8
2024-01-14 11:00:00,43989.99,44831.46,44152.94,44492.2,2510.1
2024-01-14 12:00:00,44425.5,44593.73,43951.96,44272.85,1643.7
2024-01-14 13:00:00,44268.78,44181.72,43835.28,44008.5,4213.1
2024-01-14 14:00:00,44004.65,44553.82,43981.65,44267.73,2683.7
2024-01-14 15:00:00,44292.01,44640.04,44254.73,44447.39,2945.3
2024-01-14 16:00:00,44489.59,44790.42,44390.64,44590.53,1871.4
2024-01-14 17:00:00,44587.88,44843.91,44626.25,44735.08,1318.1
2024-01-14 18:00:00,44818.09,44966.67,44506.96,44736.82,886.6
2024-01-14 19:00:00,44746.85,44643.16,44438.01,44540.59,3713.5
2024-01-14 20:00:00,44525.16,44709.91,44413.94,44561.93,1383.1
2024-01-14 21:00:00,44490.11,44725.75,44105.25,44415.5,3605.3
2024-01-14 22:00:00,44403.84,44745.84,44527.16,44636.5,2256.7
2024-01-14 23:00:00,44621.48,44674.97,44541.31,44608.14,2371.0
2024-01-15 00:00:00,44650.98,44494.37,44362.59,44428.48,2611.3
2024-01-15 01:00:00,44449.03,44698.03,44025.03,44361.53,2154.7
2024-01-15 02:00:00,44309.21,44659.77,44255.35,44457.56,952.8
2024-01-15 03:00:00,44465.22,44508.1,44165.29,44336.69,1893.3
2024-01-15 04:00:00,44366.47,44453.67,43864.04,44158.86,3486.8
2024-01-15 05:00:00,44226.33,44520.0,43914.15,44217.08,3496.0
2024-01-15 06:00:00,44256.32,44422.89,44128.43,44275.66,1788.0
2024-01-15 07:00:00,44309.34,44426.48,43909.24,44167.86,2570.5
2024-01-15 08:00:00,44170.51,44350.19,43786.31,44068.25,1370.5
2024-01-15 09:00:00,44085.36,44370.11,43877.46,44123.79,1446.7
2024-01-15 10:00:00,44178.92,43899.02,43718.43,43808.73,603.7
2024-01-15 11:00:00,43750.34,43815.05,43194.57,43504.81,4535.4
2024-01-15 12:00:00,43489.61,43559.83,43145.93,43352.88,1448.2
2024-01-15 13:00:00,43319.39,43439.9,43182.0,43310.95,1523.9
2024-01-15 14:00:00,43327.37,43555.12,43210.09,43382.61,1758.2
2024-01-15 15:00:00,43435.98,43762.17,43651.77,43706.97,1073.3
2024-01-15 16:00:00,43680.88,43981.96,43815.58,43898.77,3376.7
2024-01-15 17:00:00,43793.84,44147.0,43589.11,43868.06,838.1
2024-01-15 18:00:00,43849.97,43912.14,43824.4,43868.27,1103.9
2024-01-15 19:00:00,43908.34,43823.7,43481.82,43652.76,3401.4
2024-01-15 20:00:00,43676.23,43856.4,43449.77,43653.09,2028.5
2024-01-15 21:00:00,43671.78,43654.71,43534.18,43594.45,3685.8
2024-01-15 22:00:00,43582.24,44010.27,43328.03,43669.15,3008.4
2024-01-15 23:00:00,43613.3,43605.23,43380.56,43492.89,1652.1
2024-01-16 00:00:00,43515.31,43746.66,43473.71,43610.18,3428.7
2024-01-16 01:00:00,43573.8,44086.21,43811.31,43948.76,1023.2
2024-01-16 02:00:00,44044.75,44044.04,43814.47,43929.26,2913.8
2024-01-16 03:00:00,43954.32,44066.36,43977.41,44021.88,2467.2
2024-01-16 04:00:00,43996.32,44447.92,43908.47,44178.19,1705.4
2024-01-16 05:00:00,44151.18,44436.5,43751.47,44093.98,3218.0
2024-01-16 06:00:00,44089.89,44261.26,44034.34,44147.8,4421.0
2024-01-16 07:00:00,44137.23,44404.09,43905.9,44154.99,4995.1
2024-01-16 08:00:00,44204.31,44454.6,43907.35,44180.97,3234.9
2024-01-16 09:00:00,44189.21,44320.05,43709.21,44014.63,2321.2
2024-01-16 10:00:00,43982.43,44198.69,43850.16,44024.43,1513.4
2024-01-16 11:00:00,44107.65,44276.18,44000.71,44138.45,1656.9
2024-01-16 12:00:00,44140.62,44608.83,44317.41,44463.12,2657.5
2024-01-16 13:00:00,44497.3,44948.39,44413.26,44680.83,2152.7
2024-01-16 14:00:00,44653.65,45469.73,44862.92,45166.32,4612.2
2024-01-16 15:00:00,45182.72,45099.75,44895.35,44997.55,2157.3
2024-01-16 16:00:00,45011.55,45360.87,45035.75,45198.31,2180.5
2024-01-16 17:00:00,45112.9,45575.16,44913.37,45244.26,2225.9
2024-01-16 18:00:00,45335.44,46048.22,45440.11,45744.17,4264.8
2024-01-16 19:00:00,45803.21,45923.55,45204.19,45563.87,3428.5
2024-01-16 20:00:00,45545.77,45662.08,45092.16,45377.12,3263.8
2024-01-16 21:00:00,45327.1,45415.44,45075.88,45245.66,2003.6
2024-01-16 22:00:00,45261.39,44999.57,44539.83,44769.7,4180.6
2024-01-16 23:00:00,44773.58,44907.78,44405.2,44656.49,672.6
2024-01-17 00:00:00,44672.37,44560.38,44422.53,44491.45,4418.6
2024-01-17 01:00:00,44499.98,44743.61,44315.11,44529.36,2807.4
2024-01-17 02:00:00,44551.9,44876.01,44343.79,44609.9,2292.1
2024-01-17 03:00:00,44674.47,45130.62,44935.07,45032.84,2737.3
2024-01-17 04:00:00,45058.43,45543.87,44958.82,45251.35,3503.4
2024-01-17 05:00:00,45203.85,45354.87,44895.82,45125.35,557.4
2024-01-17 06:00:00,45186.83,45271.54,44582.76,44927.15,4422.0
2024-01-17 07:00:00,45000.86,45100.56,44983.73,45042.15,2510.3
2024-01-17 08:00:00,45184.12,44877.18,44621.46,44749.32,2043.3
2024-01-17 09:00:00,44699.04,45398.92,44928.24,45163.58,1122.1
2024-01-17 10:00:00,45174.55,45574.19,45294.68,45434.43,2477.6
2024-01-17 11:00:00,45339.83,45604.43,45060.35,45332.39,2733.5
2024-01-17 12:00:00,45357.47,45232.39,44664.86,44948.62,2316.4
2024-01-17 13:00:00,44923.98,45335.13,45179.66,45257.39,3554.0
2024-01-17 14:00:00,45344.44,45443.95,45028.05,45236.0,2394.0
2024-01-17 15:00:00,45200.96,45728.17,45312.82,45520.49,4826.4
2024-01-17 16:00:00,45443.6,45324.05,45000.24,45162.15,3196.7
2024-01-17 17:00:00,45140.86,45370.43,44692.21,45031.32,4133.7
2024-01-17 18:00:00,44942.36,45342.92,44731.09,45037.0,992.1
2024-01-17 19:00:00,45070.83,45317.01,44787.16,45052.09,2287.8
2024-01-17 20:00:00,44959.05,45224.95,44685.46,44955.21,2015.8
2024-01-17 21:00:00,44956.49,45290.57,44908.84,45099.71,3062.7
2024-01-17 22:00:00,45006.0,45197.57,44529.37,44863.47,4375.0
2024-01-17 23:00:00,44849.1,45098.85,44573.18,44836.02,852.5
2024-01-18 00:00:00,44909.7,45141.29,44593.65,44867.47,826.6
2024-01-18 01:00:00,44883.65,45303.71,44671.02,44987.36,4326.4
2024-01-18 02:00:00,44948.52,45283.71,45020.15,45151.93,1457.8
2024-01-18 03:00:00,45150.52,45201.13,44603.97,44902.55,3509.4
2024-01-18 04:00:00,44903.36,44668.07,44457.14,44562.61,2943.0
2024-01-18 05:00:00,44583.67,45005.02,44698.47,44851.75,4248.0
2024-01-18 06:00:00,44790.44,45081.24,44780.27,44930.76,1062.9
2024-01-18 07:00:00,44957.38,45118.51,44415.69,44767.1,1084.0
2024-01-18 08:00:00,44646.03,45434.42,44803.14,45118.78,3005.7
2024-01-18 09:00:00,45090.36,45416.14,44882.64,45149.39,4758.7
2024-01-18 10:00:00,45127.34,45696.71,45143.54,45420.13,2367.5
2024-01-18 11:00:00,45448.89,45664.23,45215.78,45440.0,1971.2
2024-01-18 12:00:00,45441.03,46263.04,45562.45,45912.75,3230.1
2024-01-18 13:00:00,45848.21,46527.53,46113.07,46320.3,4687.0
2024-01-18 14:00:00,46274.68,46436.78,46097.77,46267.27,4266.2
2024-01-18 15:00:00,46276.46,46596.22,46397.1,46496.66,4979.7
2024-01-18 16:00:00,46492.98,46954.74,46347.95,46651.35,601.6
2024-01-18 17:00:00,46624.33,47263.74,46686.78,46975.26,1007.9
2024-01-18 18:00:00,46952.67,46925.86,46580.77,46753.32,3242.6
2024-01-18 19:00:00,46785.86,46973.56,46863.17,46918.37,4192.6
2024-01-18 20:00:00,46894.08,47495.56,46847.15,47171.36,1783.6
2024-01-18 21:00:00,47167.2,46811.76,46710.76,46761.26,1576.4
2024-01-18 22:00:00,46862.73,46764.78,46213.79,46489.29,4041.4
2024-01-18 23:00:00,46423.1,46378.5,45661.34,46019.92,753.7
2024-01-19 00:00:00,45934.7,46149.31,45775.76,45962.53,2162.2
2024-01-19 01:00:00,45998.55,46254.04,46010.02,46132.03,2776.1
2024-01-19 02:00:00,46100.72,46759.01,46207.34,46483.18,3021.6
2024-01-19 03:00:00,46468.38,46817.56,46192.54,46505.05,3778.8
2024-01-19 04:00:00,46468.72,47114.63,46662.15,46888.39,2096.8
2024-01-19 05:00:00,46876.21,46931.34,46207.72,46569.53,3257.1
2024-01-19 06:00:00,46643.97,46240.43,46114.68,46177.55,3134.2
2024-01-19 07:00:00,46214.59,46378.66,45960.04,46169.35,2964.3
2024-01-19 08:00:00,46209.16,46541.55,45983.7,46262.62,3382.2
2024-01-19 09:00:00,46197.11,46585.29,45934.09,46259.69,1667.5
2024-01-19 10:00:00,46206.44,45889.36,45682.88,45786.12,880.9
2024-01-19 11:00:00,45656.13,46072.38,45468.21,45770.29,1036.7
2024-01-19 12:00:00,45733.25,45697.76,45254.92,45476.34,1510.6
2024-01-19 13:00:00,45519.85,45805.47,45460.85,45633.16,2750.9
2024-01-19 14:00:00,45656.75,45809.25,45633.49,45721.37,4282.0
2024-01-19 15:00:00,45711.24,45832.25,45189.9,45511.08,3655.8
2024-01-19 16:00:00,45510.06,45494.07,45303.32,45398.7,4050.7
2024-01-19 17:00:00,45367.42,45305.9,45019.7,45162.8,2079.4
2024-01-19 18:00:00,45172.05,45289.99,45016.33,45153.16,2320.9
2024-01-19 19:00:00,45187.75,45695.46,45051.17,45373.32,2271.6
2024-01-19 20:00:00,45300.0,45412.01,44896.44,45154.23,1363.4
2024-01-19 21:00:00,45167.76,45570.29,44974.79,45272.54,775.5
2024-01-19 22:00:00,45314.75,45281.37,45032.71,45157.04,3159.1
2024-01-19 23:00:00,45138.29,45224.28,44740.79,44982.53,4951.5
2024-01-20 00:00:00,45014.05,45187.87,44738.05,44962.96,1250.7
2024-01-20 01:00:00,45089.52,45040.25,44429.19,44734.72,710.1
2024-01-20 02:00:00,44730.05,44942.95,44287.76,44615.36,4007.9
2024-01-20 03:00:00,44632.9,44400.73,44304.47,44352.6,1636.6
2024-01-20 04:00:00,44319.86,45048.87,44536.61,44792.74,4233.4
2024-01-20 05:00:00,44800.86,44866.18,44744.05,44805.11,3667.7
2024-01-20 06:00:00,44825.74,44869.05,44436.63,44652.84,4755.5
2024-01-20 07:00:00,44661.54,44839.79,44570.36,44705.08,2340.2
2024-01-20 08:00:00,44659.49,44825.08,44543.8,44684.44,3478.9
2024-01-20 09:00:00,44693.66,44794.47,44484.61,44639.54,2591.8
2024-01-20 10:00:00,44704.81,45020.62,44541.55,44781.08,3337.6
2024-01-20 11:00:00,44801.17,45105.25,44805.1,44955.17,2523.2
2024-01-20 12:00:00,44998.42,45115.24,44565.6,44840.42,1348.8
2024-01-20 13:00:00,44829.8,44887.14,44544.47,44715.81,2785.5
2024-01-20 14:00:00,44749.34,44724.81,44592.76,44658.78,2878.6
2024-01-20 15:00:00,44671.25,44435.61,43862.88,44149.24,4147.7
2024-01-20 16:00:00,44107.26,43950.66,43687.72,43819.19,3809.8
2024-01-20 17:00:00,43833.14,44300.83,43945.26,44123.04,3487.1
2024-01-20 18:00:00,44079.29,44748.32,44232.4,44490.36,1010.2
2024-01-20 19:00:00,44462.2,44587.27,44291.55,44439.41,3742.8
2024-01-20 20:00:00,44447.83,44634.19,44509.74,44571.97,2751.4
2024-01-20 21:00:00,44585.21,44807.29,44484.28,44645.79,4523.4
2024-01-20 22:00:00,44592.69,45682.62,44992.48,45337.55,4639.4
2024-01-20 23:00:00,45385.33,45846.29,45345.46,45595.88,748.2
2024-01-21 00:00:00,45621.96,45831.04,45311.5,45571.27,4192.9
2024-01-21 01:00:00,45539.16,45604.22,45111.99,45358.1,669.6
2024-01-21 02:00:00,45288.36,45105.99,44890.63,44998.31,2152.3
2024-01-21 03:00:00,44991.79,45225.56,44871.62,45048.59,2940.3
2024-01-21 04:00:00,45028.5,45163.54,44601.92,44882.73,1166.5
2024-01-21 05:00:00,44887.81,44644.24,44491.85,44568.05,3858.4
2024-01-21 06:00:00,44551.86,44559.26,44297.58,44428.42,537.6
2024-01-21 07:00:00,44339.23,44322.28,44062.94,44192.61,1258.7
2024-01-21 08:00:00,44175.45,44749.18,44390.47,44569.82,3113.6
2024-01-21 09:00:00,44556.2,45122.77,44418.74,44770.75,3714.7
2024-01-21 10:00:00,44799.12,44839.37,44707.51,44773.44,4624.9
2024-01-21 11:00:00,44742.18,45318.13,44900.34,45109.23,3674.7
2024-01-21 12:00:00,45184.96,45232.99,45029.4,45131.19,3523.0
2024-01-21 13:00:00,45044.92,45291.66,44591.05,44941.35,2274.5
2024-01-21 14:00:00,45000.28,45369.31,45206.9,45288.1,505.8
2024-01-21 15:00:00,45277.94,45588.38,45240.94,45414.66,1040.7
2024-01-21 16:00:00,45453.7,45462.24,44905.11,45183.67,2905.5
2024-01-21 17:00:00,45187.28,45412.99,44877.4,45145.19,3538.1
2024-01-21 18:00:00,45196.64,45130.03,44774.09,44952.06,2378.5
2024-01-21 19:00:00,44934.64,44798.69,44492.81,44645.75,3788.1
2024-01-21 20:00:00,44596.7,45026.67,44687.26,44856.97,2848.4
2024-01-21 21:00:00,44920.69,45418.78,45160.63,45289.71,833.8
2024-01-21 22:00:00,45284.57,45087.16,44867.91,44977.53,1364.1
2024-01-21 23:00:00,44987.5,45306.27,44911.0,45108.63,4280.0
2024-01-22 00:00:00,45164.33,45095.89,44836.91,44966.4,3762.1
2024-01-22 01:00:00,44919.99,44996.5,44726.24,44861.37,4526.4
2024-01-22 02:00:00,44888.09,44983.36,44482.6,44732.98,1029.0
2024-01-22 03:00:00,44706.59,44890.75,44197.67,44544.21,4956.0
2024-01-22 04:00:00,44538.32,44792.31,44326.63,44559.47,1442.3
2024-01-22 05:00:00,44562.69,44447.09,44310.5,44378.79,553.0
2024-01-22 06:00:00,44312.21,44511.2,44375.29,44443.24,4988.4
2024-01-22 07:00:00,44408.63,44776.91,44096.14,44436.52,1764.8
2024-01-22 08:00:00,44496.56,44524.64,44251.12,44387.88,3506.1
2024-01-22 09:00:00,44427.21,44263.56,44118.22,44190.89,1295.1
2024-01-22 10:00:00,44188.12,44296.73,43839.01,44067.87,3111.0
2024-01-22 11:00:00,44078.58,44476.08,44001.36,44238.72,4568.2
2024-01-22 12:00:00,44225.7,44599.64,44108.24,44353.94,1940.8
2024-01-22 13:00:00,44414.11,44268.35,44014.82,44141.59,3516.1
2024-01-22 14:00:00,44132.74,44216.76,44119.08,44167.92,1345.6
2024-01-22 15:00:00,44178.16,44682.13,43994.43,44338.28,3311.6
2024-01-22 16:00:00,44389.09,44093.82,43851.42,43972.62,2014.0
2024-01-22 17:00:00,43938.44,44349.25,43843.71,44096.48,1450.4
2024-01-22 18:00:00,44165.22,44216.17,43693.42,43954.79,1909.3
2024-01-22 19:00:00,43887.52,44316.92,43852.26,44084.59,1304.8
2024-01-22 20:00:00,44156.43,44060.88,43780.64,43920.76,4558.6
2024-01-22 21:00:00,43904.39,43654.93,43402.66,43528.79,2287.3
2024-01-22 22:00:00,43518.23,43402.75,42955.1,43178.92,1603.8
2024-01-22 23:00:00,43097.31,43498.68,42888.56,43193.62,2517.8
2024-01-23 00:00:00,43173.98,43583.94,42924.13,43254.03,1942.4
2024-01-23 01:00:00,43209.06,43137.77,42987.79,43062.78,3849.9
2024-01-23 02:00:00,43036.61,43294.61,43114.55,43204.58,4870.5
2024-01-23 03:00:00,43198.65,43176.2,42523.75,42849.98,2471.2
2024-01-23 04:00:00,42891.02,43103.82,42576.39,42840.11,4374.7
2024-01-23 05:00:00,42849.0,42890.79,42279.19,42584.99,3046.4
2024-01-23 06:00:00,42598.09,42553.12,42347.79,42450.46,1207.6
2024-01-23 07:00:00,42403.95,42681.89,42247.63,42464.76,3607.8
2024-01-23 08:00:00,42427.36,42536.15,42036.49,42286.32,2810.5
2024-01-23 09:00:00,42362.38,42452.4,41966.08,42209.24,3427.7
2024-01-23 10:00:00,42178.21,42589.48,42262.2,42425.84,4503.6
2024-01-23 11:00:00,42496.1,42354.57,42260.84,42307.71,2482.0
2024-01-23 12:00:00,42297.42,42704.58,42272.85,42488.72,4555.3
2024-01-23 13:00:00,42488.81,42370.08,42135.85,42252.97,3878.0
2024-01-23 14:00:00,42298.19,42545.03,42193.21,42369.12,2698.7
2024-01-23 15:00:00,42423.01,43007.51,42349.99,42678.75,3214.5
2024-01-23 16:00:00,42674.02,42315.49,41995.68,42155.58,1965.1
2024-01-23 17:00:00,42139.22,42280.68,41702.98,41991.83,4926.2
2024-01-23 18:00:00,41989.48,42214.89,42019.49,42117.19,3503.1
2024-01-23 19:00:00,42131.42,42318.8,41838.49,42078.64,697.3
2024-01-23 20:00:00,42116.15,42491.44,41830.44,42160.94,1969.8
2024-01-23 21:00:00,42161.12,42109.85,41965.81,42037.83,3304.9
2024-01-23 22:00:00,42063.85,42104.75,42015.73,42060.24,753.5
2024-01-23 23:00:00,42129.15,42201.3,41862.1,42031.7,607.5
2024-01-24 00:00:00,42047.73,42351.02,42211.63,42281.33,2525.1
2024-01-24 01:00:00,42294.5,42603.48,42075.2,42339.34,1997.1
2024-01-24 02:00:00,42275.03,42728.99,42101.09,42415.04,2472.3
2024-01-24 03:00:00,42303.46,42502.88,42160.99,42331.94,1682.1
2024-01-24 04:00:00,42348.38,42351.68,42114.25,42232.96,1241.2
2024-01-24 05:00:00,42228.96,42316.15,41975.54,42145.84,3601.1
2024-01-24 06:00:00,42124.15,42489.29,41977.07,42233.18,2815.6
2024-01-24 07:00:00,42243.47,42193.33,42103.69,42148.51,1400.7
2024-01-24 08:00:00,42145.96,42430.19,41997.39,42213.79,1938.2
2024-01-24 09:00:00,42261.4,42881.84,42430.28,42656.06,3163.1
2024-01-24 10:00:00,42659.74,43080.23,42612.02,42846.12,825.0
2024-01-24 11:00:00,42814.12,42895.82,42665.31,42780.56,1163.5
2024-01-24 12:00:00,42822.92,43299.97,42783.6,43041.78,829.6
2024-01-24 13:00:00,43032.44,43028.71,42887.83,42958.27,4155.4
2024-01-24 14:00:00,42980.89,42626.63,42422.95,42524.79,3885.8
2024-01-24 15:00:00,42504.49,42616.92,42012.48,42314.7,3889.9
2024-01-24 16:00:00,42287.2,42181.83,41664.41,41923.12,3723.5
2024-01-24 17:00:00,41926.65,41899.51,41807.75,41853.63,3512.2
2024-01-24 18:00:00,41854.17,41976.32,41747.03,41861.67,2646.5
2024-01-24 19:00:00,41881.76,42322.33,42111.17,42216.75,3390.3
2024-01-24 20:00:00,42205.41,42412.44,42167.52,42289.98,672.6
2024-01-24 21:00:00,42212.32,42363.34,42132.42,42247.88,3296.6
2024-01-24 22:00:00,42229.6,42488.31,42366.31,42427.31,4000.4
2024-01-24 23:00:00,42460.99,42139.26,41785.72,41962.49,2751.6
2024-01-25 00:00:00,41950.01,42273.64,41758.6,42016.12,2108.8
2024-01-25 01:00:00,42005.77,42403.6,41960.93,42182.27,1748.4
2024-01-25 02:00:00,42223.87,42113.74,41635.53,41874.63,3392.6
2024-01-25 03:00:00,41844.82,42184.34,42052.25,42118.29,3617.6
2024-01-25 04:00:00,42053.31,42517.01,41870.57,42193.79,4419.4
2024-01-25 05:00:00,42187.01,42399.67,41821.12,42110.4,2040.5
2024-01-25 06:00:00,42090.01,42528.18,41967.5,42247.84,3964.0
2024-01-25 07:00:00,42207.02,43020.63,42442.82,42731.72,3026.1
2024-01-25 08:00:00,42724.23,43096.91,42452.8,42774.85,4472.8
2024-01-25 09:00:00,42795.88,43038.23,42626.21,42832.22,2875.2
2024-01-25 10:00:00,42831.82,42840.78,42635.47,42738.13,2829.3
2024-01-25 11:00:00,42751.25,42787.11,42334.48,42560.8,3100.4
2024-01-25 12:00:00,42637.98,43006.76,42476.74,42741.75,3871.9
2024-01-25 13:00:00,42727.1,42825.49,42300.65,42563.07,4841.1
2024-01-25 14:00:00,42574.92,42780.57,42384.54,42582.56,831.0
2024-01-25 15:00:00,42560.88,42547.96,42422.27,42485.12,740.5
2024-01-25 16:00:00,42449.16,42744.35,42437.88,42591.11,4719.0
2024-01-25 17:00:00,42566.2,42984.1,42348.76,42666.43,2884.4
2024-01-25 18:00:00,42646.0,43110.4,42673.67,42892.04,3267.1
2024-01-25 19:00:00,42907.45,42990.97,42582.92,42786.95,2670.9
2024-01-25 20:00:00,42887.46,42856.65,42610.33,42733.49,921.5
2024-01-25 21:00:00,42702.89,42680.85,42376.42,42528.63,3956.4
2024-01-25 22:00:00,42510.91,42746.83,42129.99,42438.41,3862.5
2024-01-25 23:00:00,42435.73,42763.62,42281.81,42522.71,1902.7
2024-01-26 00:00:00,42539.54,42965.88,42409.94,42687.91,1878.1
2024-01-26 01:00:00,42699.16,42673.0,42317.71,42495.35,4270.3
2024-01-26 02:00:00,42549.92,42915.37,42453.38,42684.38,825.6
2024-01-26 03:00:00,42580.81,43095.67,42860.26,42977.97,4465.0
2024-01-26 04:00:00,42875.38,43326.87,42815.34,43071.11,1655.0
2024-01-26 05:00:00,43049.75,43653.22,43305.97,43479.59,3168.4
2024-01-26 06:00:00,43527.3,43493.22,43138.22,43315.72,4712.0
2024-01-26 07:00:00,43247.9,43289.21,42811.76,43050.49,3551.6
2024-01-26 08:00:00,42921.01,42994.26,42349.58,42671.92,2364.9
2024-01-26 09:00:00,42696.29,43057.64,42933.12,42995.38,3602.9
2024-01-26 10:00:00,43005.86,43432.55,42848.15,43140.35,2047.9
2024-01-26 11:00:00,43093.32,43264.09,43001.27,43132.68,1747.7
2024-01-26 12:00:00,43090.17,43374.8,43019.94,43197.37,4985.1
2024-01-26 13:00:00,43155.48,43008.15,42909.05,42958.6,3878.6
2024-01-26 14:00:00,42963.35,43623.36,43353.09,43488.22,3401.2
2024-01-26 15:00:00,43460.99,43717.32,43324.03,43520.67,2098.8
2024-01-26 16:00:00,43542.17,43609.5,43488.15,43548.83,721.2
2024-01-26 17:00:00,43424.51,43905.19,43517.24,43711.21,639.8
2024-01-26 18:00:00,43673.76,44148.92,43492.51,43820.71,2993.8
2024-01-26 19:00:00,43771.37,43950.39,43797.91,43874.15,3929.1
2024-01-26 20:00:00,43862.9,43982.7,43427.55,43705.13,2918.2
2024-01-26 21:00:00,43681.61,43981.98,43643.07,43812.53,4283.5
2024-01-26 22:00:00,43847.48,44476.26,43982.12,44229.19,650.4
2024-01-26 23:00:00,44146.95,44656.8,44405.5,44531.15,2150.4
2024-01-27 00:00:00,44533.17,44985.34,44795.32,44890.33,1566.8
2024-01-27 01:00:00,44915.4,44875.16,44685.0,44780.08,2512.7
2024-01-27 02:00:00,44863.22,44629.54,44496.43,44562.98,825.7
2024-01-27 03:00:00,44541.51,44641.83,44436.99,44539.41,4793.6
2024-01-27 04:00:00,44553.86,44808.0,44304.55,44556.28,1504.6
2024-01-27 05:00:00,44475.9,45125.83,44483.17,44804.5,4650.4
2024-01-27 06:00:00,44697.33,44727.46,44132.2,44429.83,2416.5
2024-01-27 07:00:00,44467.36,45033.57,44514.55,44774.06,4934.9
2024-01-27 08:00:00,44773.81,44822.49,44663.83,44743.16,2993.3
2024-01-27 09:00:00,44795.89,44787.18,44517.1,44652.14,4688.7
2024-01-27 10:00:00,44590.81,44571.42,44289.85,44430.64,524.1
2024-01-27 11:00:00,44453.74,44188.62,43946.28,44067.45,3867.1
2024-01-27 12:00:00,44149.81,44457.02,44049.45,44253.23,4563.7
2024-01-27 13:00:00,44271.81,44484.13,44063.63,44273.88,1128.7
2024-01-27 14:00:00,44286.13,44146.65,43838.86,43992.75,932.6
2024-01-27 15:00:00,43993.13,43864.25,43560.31,43712.28,2410.6
2024-01-27 16:00:00,43643.61,43940.03,43346.49,43643.26,4701.6
2024-01-27 17:00:00,43702.42,44299.01,43724.65,44011.83,2940.7
2024-01-27 18:00:00,43984.95,44097.78,43820.44,43959.11,2873.6
2024-01-27 19:00:00,43981.29,43955.85,43310.39,43633.12,1135.1
2024-01-27 20:00:00,43564.92,43918.15,43249.6,43583.87,503.6
2024-01-27 21:00:00,43532.47,43671.89,43385.71,43528.8,4145.6
2024-01-27 22:00:00,43591.27,43095.68,42796.7,42946.19,894.1
2024-01-27 23:00:00,42931.27,43133.74,42743.91,42938.83,3352.3
2024-01-28 00:00:00,43001.23,43219.01,42568.07,42893.54,4615.8
2024-01-28 01:00:00,42890.18,43354.25,42740.03,43047.14,1438.9
2024-01-28 02:00:00,42967.85,43524.05,43374.76,43449.41,3493.7
2024-01-28 03:00:00,43488.17,43862.33,43534.67,43698.5,854.1
2024-01-28 04:00:00,43672.72,43856.82,43431.41,43644.12,3216.9
2024-01-28 05:00:00,43674.61,43603.3,43210.73,43407.01,1237.7
2024-01-28 06:00:00,43408.11,44073.5,43866.22,43969.86,3811.8
2024-01-28 07:00:00,43902.01,44295.71,43678.85,43987.28,1855.5
2024-01-28 08:00:00,43994.51,44247.21,43742.27,43994.74,2585.3
2024-01-28 09:00:00,44091.36,44295.87,43691.8,43993.83,3197.4
2024-01-28 10:00:00,44015.52,44350.6,43733.01,44041.81,1270.7
2024-01-28 11:00:00,44039.27,44289.0,43739.84,44014.42,3837.4
2024-01-28 12:00:00,44061.75,44071.41,43713.74,43892.58,1861.9
2024-01-28 13:00:00,43901.82,44007.82,43546.08,43776.95,3480.7
2024-01-28 14:00:00,43786.12,43867.07,43681.25,43774.16,1212.3
2024-01-28 15:00:00,43726.37,43909.13,43410.06,43659.6,3596.5
2024-01-28 16:00:00,43669.81,43606.45,43410.25,43508.35,1076.8
2024-01-28 17:00:00,43553.4,43790.87,43280.84,43535.85,2414.1
2024-01-28 18:00:00,43499.45,43598.08,43371.33,43484.7,1612.4
2024-01-28 19:00:00,43546.65,43895.93,43736.18,43816.06,3867.7
2024-01-28 20:00:00,43812.04,43332.93,43146.39,43239.66,1679.2
2024-01-28 21:00:00,43201.27,43524.05,43435.88,43479.97,4467.7
2024-01-28 22:00:00,43523.34,44019.11,43491.32,43755.21,4513.2
2024-01-28 23:00:00,43742.67,43571.31,43040.65,43305.98,1384.0
2024-01-29 00:00:00,43338.87,43435.19,43037.03,43236.11,3262.3
2024-01-29 01:00:00,43223.5,43252.05,43068.22,43160.14,894.7
2024-01-29 02:00:00,43157.55,42928.64,42792.78,42860.71,2261.9
2024-01-29 03:00:00,42881.86,42746.72,42649.89,42698.31,3709.9
2024-01-29 04:00:00,42710.73,42557.21,42373.74,42465.48,3467.4
2024-01-29 05:00:00,42380.74,43151.78,42531.78,42841.78,3311.2
2024-01-29 06:00:00,42793.74,43162.32,42930.67,43046.49,1771.4
2024-01-29 07:00:00,43086.5,43475.24,43173.71,43324.48,2201.1
2024-01-29 08:00:00,43318.75,43560.69,43409.59,43485.14,963.3
2024-01-29 09:00:00,43462.37,43354.56,43133.45,43244.01,3735.6
2024-01-29 10:00:00,43185.26,43334.83,42935.01,43134.92,2767.5
2024-01-29 11:00:00,43088.34,43472.0,43017.56,43244.78,3689.4
2024-01-29 12:00:00,43157.34,43101.66,42868.04,42984.85,1620.2
2024-01-29 13:00:00,42980.49,43202.96,43081.81,43142.39,1960.0
2024-01-29 14:00:00,43116.57,43255.92,42933.81,43094.86,2004.0
2024-01-29 15:00:00,43053.21,43131.95,42904.86,43018.41,615.8
2024-01-29 16:00:00,43015.48,43285.16,43066.1,43175.63,2034.7
2024-01-29 17:00:00,43191.34,43609.9,42941.81,43275.85,4114.9
2024-01-29 18:00:00,43366.44,43431.66,42972.5,43202.08,4537.8
2024-01-29 19:00:00,43136.76,43669.68,43243.97,43456.82,2832.0
2024-01-29 20:00:00,43507.21,43395.3,43057.24,43226.27,2549.8
2024-01-29 21:00:00,43268.33,43537.28,43190.15,43363.72,638.7
2024-01-29 22:00:00,43329.93,43704.84,43288.46,43496.65,4456.4
2024-01-29 23:00:00,43505.49,43688.85,43178.5,43433.68,558.5
2024-01-30 00:00:00,43413.8,43766.2,43251.49,43508.85,4751.4
2024-01-30 01:00:00,43516.93,43336.24,43145.81,43241.02,2701.5
2024-01-30 02:00:00,43306.28,43640.67,43249.59,43445.13,2038.7
2024-01-30 03:00:00,43471.44,43577.9,43240.72,43409.31,4659.0
2024-01-30 04:00:00,43431.39,43607.35,42993.03,43300.19,609.8
2024-01-30 05:00:00,43281.56,43767.57,43295.7,43531.63,3116.4
2024-01-30 06:00:00,43467.03,43587.77,43177.59,43382.68,2970.2
2024-01-30 07:00:00,43373.64,43159.39,43003.62,43081.51,1486.9
2024-01-30 08:00:00,43133.49,42974.49,42526.51,42750.5,2430.0
2024-01-30 09:00:00,42685.22,42962.38,42806.25,42884.32,3435.2
2024-01-30 10:00:00,42839.07,42757.25,42470.85,42614.05,3772.1
2024-01-30 11:00:00,42619.43,43078.19,42906.23,42992.21,503.2
2024-01-30 12:00:00,42949.88,42797.65,42300.3,42548.97,4715.8
2024-01-30 13:00:00,42515.25,43019.01,42809.27,42914.14,1240.4
2024-01-30 14:00:00,42895.96,43124.52,42802.9,42963.71,1551.1
2024-01-30 15:00:00,42905.04,43259.45,42635.02,42947.23,1685.6
2024-01-30 16:00:00,42905.39,42938.61,42730.41,42834.51,670.2
2024-01-30 17:00:00,42864.64,43119.78,42728.77,42924.28,1053.7
2024-01-30 18:00:00,42868.16,43089.38,42751.61,42920.49,4938.6
2024-01-30 19:00:00,42851.91,43210.19,43112.92,43161.56,1918.5
2024-01-30 20:00:00,43134.36,43473.39,42907.66,43190.52,1018.9
2024-01-30 21:00:00,43222.14,43291.42,43163.18,43227.3,981.5
2024-01-30 22:00:00,43218.79,43339.45,42966.62,43153.03,3737.6
2024-01-30 23:00:00,43132.99,43357.54,42932.58,43145.06,4345.6
2024-01-31 00:00:00,43146.98,43449.1,42982.46,43215.78,1656.3
2024-01-31 01:00:00,43140.34,43099.98,42601.16,42850.57,594.1
2024-01-31 02:00:00,42871.77,42684.03,42447.97,42566.0,1503.9
2024-01-31 03:00:00,42582.32,42774.16,42682.73,42728.45,754.3
2024-01-31 04:00:00,42710.96,43028.58,42509.87,42769.22,965.3
2024-01-31 05:00:00,42812.25,42937.13,42531.19,42734.16,2441.8
2024-01-31 06:00:00,42685.97,43035.27,42449.46,42742.37,1534.6
2024-01-31 07:00:00,42790.58,43109.95,42531.9,42820.93,2821.8
2024-01-31 08:00:00,42827.54,43004.48,42414.81,42709.64,1640.7
2024-01-31 09:00:00,42695.27,42734.73,42360.68,42547.71,4732.4
2024-01-31 10:00:00,42546.86,42735.69,42451.56,42593.63,4576.7
2024-01-31 11:00:00,42589.06,42666.79,42112.26,42389.52,3050.6
2024-01-31 12:00:00,42441.25,42656.97,42303.61,42480.29,2094.9
2024-01-31 13:00:00,42434.55,42219.12,42026.69,42122.91,2215.2
2024-01-31 14:00:00,42090.79,42639.64,42048.11,42343.87,2353.3
2024-01-31 15:00:00,42387.76,42752.86,42143.48,42448.17,3774.1
2024-01-31 16:00:00,42422.89,42688.01,42325.5,42506.75,2532.4
2024-01-31 17:00:00,42545.03,42785.21,42654.5,42719.86,4355.3
2024-01-31 18:00:00,42792.46,43239.91,42919.84,43079.87,4748.4
2024-01-31 19:00:00,43062.56,43589.55,43015.81,43302.68,2011.8
2024-01-31 20:00:00,43332.18,43222.2,42594.67,42908.43,3023.1
2024-01-31 21:00:00,42858.93,42741.57,42534.83,42638.2,927.8
2024-01-31 22:00:00,42670.38,42571.7,42446.82,42509.26,1402.1
2024-01-31 23:00:00,42517.74,42822.7,42215.41,42519.06,2360.6
2024-02-01 00:00:00,42539.17,42792.2,42474.51,42633.36,1427.9
2024-02-01 01:00:00,42605.84,42686.51,42279.33,42482.92,4444.5
2024-02-01 02:00:00,42412.35,42857.55,42196.13,42526.84,1212.3
2024-02-01 03:00:00,42548.24,42432.58,42308.36,42370.47,2550.5
2024-02-01 04:00:00,42283.04,42479.12,42011.19,42245.16,3225.6
2024-02-01 05:00:00,42231.75,42015.97,41888.54,41952.26,3613.4
2024-02-01 06:00:00,41991.74,41914.32,41611.27,41762.79,2223.8
2024-02-01 07:00:00,41770.81,41759.63,41209.81,41484.72,4410.9
2024-02-01 08:00:00,41565.55,41453.01,41119.89,41286.45,3057.4
2024-02-01 09:00:00,41328.77,41839.33,41176.84,41508.08,2477.8
2024-02-01 10:00:00,41480.94,41518.19,41112.2,41315.2,802.6
2024-02-01 11:00:00,41316.32,41999.09,41727.14,41863.11,2591.1
2024-02-01 12:00:00,41861.13,42077.2,41863.92,41970.56,4193.3
2024-02-01 13:00:00,41904.15,42158.64,41868.44,42013.54,3265.4
2024-02-01 14:00:00,41974.04,41988.37,41686.49,41837.43,4244.7
2024-02-01 15:00:00,41813.97,42050.3,41925.93,41988.11,2723.1
2024-02-01 16:00:00,41902.62,42021.66,41721.27,41871.46,1033.1
2024-02-01 17:00:00,41873.45,42079.26,41723.13,41901.19,561.4
2024-02-01 18:00:00,41890.76,42698.9,42184.57,42441.74,1864.5
2024-02-01 19:00:00,42370.73,42663.06,42188.13,42425.59,3641.0
2024-02-01 20:00:00,42442.74,42928.02,42419.24,42673.63,4056.2
2024-02-01 21:00:00,42704.18,42572.88,42482.84,42527.86,1830.9
2024-02-01 22:00:00,42537.52,42631.99,42417.36,42524.68,2730.4
2024-02-01 23:00:00,42510.89,43147.08,42663.81,42905.44,2395.0
2024-02-02 00:00:00,42930.82,42962.92,42587.54,42775.23,2347.4
2024-02-02 01:00:00,42804.33,43211.92,43122.37,43167.15,1541.1
2024-02-02 02:00:00,43180.42,43611.53,43036.92,43324.22,1113.7
2024-02-02 03:00:00,43288.5,43483.65,42929.77,43206.71,1385.1
2024-02-02 04:00:00,43218.66,43557.41,43137.9,43347.65,749.0
2024-02-02 05:00:00,43399.48,43626.61,43498.95,43562.78,1391.6
2024-02-02 06:00:00,43536.79,43980.77,43424.38,43702.57,541.4
2024-02-02 07:00:00,43794.26,43584.38,43143.28,43363.83,3322.7
2024-02-02 08:00:00,43341.04,43490.24,42930.78,43210.51,1923.7
2024-02-02 09:00:00,43211.91,43431.64,42891.07,43161.35,4879.2
2024-02-02 10:00:00,43132.33,43435.3,42863.91,43149.61,1371.7
2024-02-02 11:00:00,43159.24,43488.08,43087.58,43287.83,2056.2
2024-02-02 12:00:00,43212.41,43416.51,43244.73,43330.62,2110.3
2024-02-02 13:00:00,43306.96,43290.93,42800.37,43045.65,538.0
2024-02-02 14:00:00,42998.64,43362.25,42901.31,43131.78,4276.4
2024-02-02 15:00:00,43137.62,43535.85,42999.69,43267.77,644.0
2024-02-02 16:00:00,43310.8,43488.2,43298.21,43393.2,4730.8
2024-02-02 17:00:00,43421.24,43735.22,43528.85,43632.04,4514.3
2024-02-02 18:00:00,43528.55,44135.26,43501.39,43818.33,2909.8
2024-02-02 19:00:00,43907.81,44197.83,43648.8,43923.31,2946.2
2024-02-02 20:00:00,43936.28,44235.38,43589.2,43912.29,3442.0
2024-02-02 21:00:00,43878.2,43826.86,43277.15,43552.0,2241.7
2024-02-02 22:00:00,43558.85,43876.02,43423.8,43649.91,3412.5
2024-02-02 23:00:00,43657.6,43943.4,43455.81,43699.6,701.5
2024-02-03 00:00:00,43670.46,44079.45,43447.17,43763.31,743.2
2024-02-03 01:00:00,43771.97,43708.0,43268.63,43488.32,2557.5
2024-02-03 02:00:00,43461.9,43492.35,43022.85,43257.6,2973.3
2024-02-03 03:00:00,43240.11,43580.83,43398.58,43489.71,4495.2
2024-02-03 04:00:00,43459.86,43673.2,43297.71,43485.46,971.0
2024-02-03 05:00:00,43423.16,43900.45,43375.51,43637.98,4201.9
2024-02-03 06:00:00,43644.35,43774.96,43522.09,43648.52,1445.2
2024-02-03 07:00:00,43674.07,43764.85,43553.91,43659.38,2273.4
2024-02-03 08:00:00,43681.86,44008.81,43728.33,43868.57,1924.7
2024-02-03 09:00:00,43904.54,43877.51,43642.03,43759.77,2300.7
2024-02-03 10:00:00,43773.96,43894.83,43675.52,43785.18,1177.2
2024-02-03 11:00:00,43761.85,43861.97,43514.74,43688.35,2766.1
2024-02-03 12:00:00,43725.03,43918.46,43277.15,43597.81,4107.4
2024-02-03 13:00:00,43538.62,43732.83,43336.71,43534.77,2486.9
2024-02-03 14:00:00,43495.56,43688.4,43486.55,43587.48,2707.8
2024-02-03 15:00:00,43545.45,43554.42,43420.58,43487.5,4319.5
2024-02-03 16:00:00,43534.47,44021.93,43507.86,43764.9,3677.3
2024-02-03 17:00:00,43806.16,43733.84,43413.18,43573.51,2707.0
2024-02-03 18:00:00,43594.74,43831.15,43243.16,43537.15,1659.6
2024-02-03 19:00:00,43583.82,43689.8,43201.77,43445.79,4482.2
2024-02-03 20:00:00,43407.58,44052.15,43476.76,43764.46,3096.6
2024-02-03 21:00:00,43779.71,43939.06,43684.63,43811.84,1495.2
2024-02-03 22:00:00,43806.36,44299.75,43784.76,44042.26,1711.0
2024-02-03 23:00:00,44079.56,43844.06,43594.99,43719.53,4114.1
2024-02-04 00:00:00,43714.49,44113.86,43450.69,43782.27,698.7
2024-02-04 01:00:00,43765.42,44221.3,43741.5,43981.4,4964.4
2024-02-04 02:00:00,44005.19,44147.86,43859.93,44003.9,1086.6
2024-02-04 03:00:00,44042.45,44370.43,44115.01,44242.72,4082.3
2024-02-04 04:00:00,44213.15,44235.83,44029.6,44132.72,2276.5
2024-02-04 05:00:00,44130.02,44708.7,44187.54,44448.12,2715.0
2024-02-04 06:00:00,44401.07,45077.28,44849.67,44963.47,4462.9
2024-02-04 07:00:00,44851.15,45118.33,44654.46,44886.4,2358.1
2024-02-04 08:00:00,44895.4,44918.66,44663.14,44790.9,2918.7
2024-02-04 09:00:00,44818.17,45375.07,44866.67,45120.87,721.8
2024-02-04 10:00:00,45132.7,45786.68,45176.81,45481.74,510.6
2024-02-04 11:00:00,45393.07,45659.83,45074.94,45367.39,1601.6
2024-02-04 12:00:00,45351.47,45563.03,44990.19,45276.61,3562.6
2024-02-04 13:00:00,45176.17,45321.98,45112.71,45217.35,1045.7
2024-02-04 14:00:00,45279.28,44990.61,44845.2,44917.91,1011.9
2024-02-04 15:00:00,44869.12,44979.57,44452.58,44716.08,2349.3
2024-02-04 16:00:00,44772.22,44655.27,44336.82,44496.04,3415.3
2024-02-04 17:00:00,44538.13,44508.16,44151.18,44329.67,3704.3
2024-02-04 18:00:00,44289.75,44380.41,44272.43,44326.42,1303.0
2024-02-04 19:00:00,44276.21,44507.79,44257.73,44382.76,858.1
2024-02-04 20:00:00,44398.31,44786.55,44676.0,44731.28,4731.8
2024-02-04 21:00:00,44693.51,44830.92,44194.01,44512.46,1673.0
2024-02-04 22:00:00,44517.02,44856.94,44615.03,44735.99,4340.1
2024-02-04 23:00:00,44714.39,44911.65,44473.54,44692.59,4385.7
2024-02-05 00:00:00,44612.99,44742.89,44629.13,44686.01,3976.4
2024-02-05 01:00:00,44586.34,45095.41,44587.1,44841.25,1259.8
2024-02-05 02:00:00,44851.42,44739.45,44448.59,44594.02,4198.1
2024-02-05 03:00:00,44568.98,45009.28,44358.2,44683.74,3961.6
2024-02-05 04:00:00,44659.03,45048.17,44402.62,44725.4,3185.3
2024-02-05 05:00:00,44756.52,44986.94,44693.06,44840.0,2017.4
2024-02-05 06:00:00,44892.61,45237.45,44581.17,44909.31,1681.3
2024-02-05 07:00:00,44897.07,45827.63,45102.63,45465.13,1048.5
2024-02-05 08:00:00,45449.65,45631.91,45017.5,45324.7,2793.9
2024-02-05 09:00:00,45347.37,45521.48,44896.32,45208.9,3133.7
2024-02-05 10:00:00,45147.56,45196.2,44948.93,45072.56,2117.0
2024-02-05 11:00:00,45082.62,45178.31,44725.47,44951.89,2639.1
2024-02-05 12:00:00,44976.7,44879.03,44747.21,44813.12,2135.8
2024-02-05 13:00:00,44843.61,45159.06,45008.98,45084.02,3384.5
2024-02-05 14:00:00,44996.71,45771.66,45045.82,45408.74,4555.7
2024-02-05 15:00:00,45374.17,45432.52,45134.87,45283.7,1237.6
2024-02-05 16:00:00,45243.93,45381.07,44818.47,45099.77,2216.3
2024-02-05 17:00:00,45104.27,45511.08,44910.08,45210.58,1133.9
2024-02-05 18:00:00,45232.31,45406.18,44774.36,45090.27,3312.2
2024-02-05 19:00:00,45157.76,45598.62,44876.32,45237.47,3779.9
2024-02-05 20:00:00,45215.08,45409.74,45166.05,45287.9,4693.6
2024-02-05 21:00:00,45265.36,45006.85,44891.55,44949.2,1754.9
2024-02-05 22:00:00,45000.88,45477.19,45125.8,45301.49,4776.0
2024-02-05 23:00:00,45314.93,45800.14,45625.46,45712.8,784.7
2024-02-06 00:00:00,45770.75,45630.04,45524.58,45577.31,3213.6
2024-02-06 01:00:00,45590.47,45653.79,45333.24,45493.52,757.1
2024-02-06 02:00:00,45440.87,45858.62,45267.56,45563.09,4522.0
2024-02-06 03:00:00,45502.35,45870.38,45417.3,45643.84,2884.1
2024-02-06 04:00:00,45573.02,45944.77,45652.63,45798.7,3512.1
2024-02-06 05:00:00,45829.02,46521.77,46005.43,46263.6,4242.1
2024-02-06 06:00:00,46318.59,46348.6,46105.99,46227.3,1176.4
2024-02-06 07:00:00,46312.79,46098.09,45996.72,46047.4,673.7
2024-02-06 08:00:00,46086.23,46024.87,45444.0,45734.44,4455.0
2024-02-06 09:00:00,45787.62,45816.42,45327.32,45571.87,1917.2
2024-02-06 10:00:00,45545.44,45857.61,45280.15,45568.88,1080.4
2024-02-06 11:00:00,45516.18,46040.83,45923.8,45982.31,2608.1
2024-02-06 12:00:00,46021.4,46182.55,45553.26,45867.91,3192.4
2024-02-06 13:00:00,45887.07,46168.9,45678.74,45923.82,639.4
2024-02-06 14:00:00,45928.75,46151.68,45697.6,45924.64,1737.0
2024-02-06 15:00:00,45942.43,46450.33,45953.9,46202.11,647.6
2024-02-06 16:00:00,46217.05,47120.4,46460.56,46790.48,2391.5
2024-02-06 17:00:00,46850.55,46909.39,46432.54,46670.96,4528.0
2024-02-06 18:00:00,46731.4,46797.33,46325.51,46561.42,4921.9
2024-02-06 19:00:00,46586.76,47180.58,46437.74,46809.16,3366.7
2024-02-06 20:00:00,46848.75,47269.23,46677.64,46973.44,1227.4
2024-02-06 21:00:00,46997.58,47606.07,47217.66,47411.87,4576.3
2024-02-06 22:00:00,47390.0,47838.07,47272.0,47555.03,2823.1
2024-02-06 23:00:00,47591.01,47651.18,47297.53,47474.36,1191.9
2024-02-07 00:00:00,47408.15,47743.22,47495.4,47619.31,4647.8
2024-02-07 01:00:00,47669.49,48136.01,47640.09,47888.05,3908.6
2024-02-07 02:00:00,47830.85,48449.83,47728.76,48089.29,3792.7
2024-02-07 03:00:00,48103.04,48577.89,47854.26,48216.08,3691.3
2024-02-07 04:00:00,48175.33,48642.55,48313.55,48478.05,1401.5
2024-02-07 05:00:00,48504.88,48995.22,48537.43,48766.33,1449.5
2024-02-07 06:00:00,48764.67,49230.08,48986.36,49108.22,3597.3
2024-02-07 07:00:00,49029.9,49665.08,48879.74,49272.41,1488.8
2024-02-07 08:00:00,49293.14,49623.55,48848.79,49236.17,2474.0
2024-02-07 09:00:00,49207.71,49550.53,49003.89,49277.21,4019.0
2024-02-07 10:00:00,49320.63,49908.16,49250.65,49579.4,4027.8
2024-02-07 11:00:00,49579.47,49678.42,49085.27,49381.85,2539.7
2024-02-07 12:00:00,49401.37,49732.73,49222.9,49477.81,4064.9
2024-02-07 13:00:00,49430.43,49453.28,49317.63,49385.45,4273.8
2024-02-07 14:00:00,49356.35,49604.14,49190.84,49397.49,3446.5
2024-02-07 15:00:00,49374.83,50002.75,49433.63,49718.19,1527.9
2024-02-07 16:00:00,49760.78,50056.49,49484.85,49770.67,1733.1
2024-02-07 17:00:00,49854.15,49967.03,49607.38,49787.2,1916.8
2024-02-07 18:00:00,49747.11,49829.11,49078.22,49453.66,1025.6
2024-02-07 19:00:00,49506.92,49750.93,49535.33,49643.13,1729.2
2024-02-07 20:00:00,49535.42,50032.58,49584.05,49808.32,1442.8
2024-02-07 21:00:00,49748.84,50645.9,50058.17,50352.04,2549.0
2024-02-07 22:00:00,50303.76,50575.23,49983.95,50279.59,4588.0
2024-02-07 23:00:00,50211.58,50618.61,50060.8,50339.71,970.2
2024-02-08 00:00:00,50259.99,50555.06,50259.97,50407.51,3741.2
2024-02-08 01:00:00,50428.33,50916.5,50703.76,50810.13,3592.8
2024-02-08 02:00:00,50799.25,51067.89,50514.11,50791.0,930.9
2024-02-08 03:00:00,50810.27,51131.2,50602.68,50866.94,4651.6
2024-02-08 04:00:00,50902.06,51141.73,50911.55,51026.64,3058.1
2024-02-08 05:00:00,51040.19,51382.55,50776.14,51079.35,2136.8
2024-02-08 06:00:00,51112.95,51183.81,50757.07,50970.44,3904.4
2024-02-08 07:00:00,50966.89,51314.53,50735.47,51025.0,1658.1
2024-02-08 08:00:00,50964.43,51656.04,50951.99,51304.01,3620.8
2024-02-08 09:00:00,51358.28,51157.51,50934.13,51045.82,678.7
2024-02-08 10:00:00,51015.75,51142.79,51026.93,51084.86,4277.3
2024-02-08 11:00:00,51037.07,51239.71,50582.58,50911.14,2516.8
2024-02-08 12:00:00,50902.09,51490.26,50950.62,51220.44,3365.1
2024-02-08 13:00:00,51173.69,51135.27,50535.67,50835.47,1495.6
2024-02-08 14:00:00,50814.25,51046.64,50350.34,50698.49,3546.8
2024-02-08 15:00:00,50715.93,51135.45,50462.91,50799.18,3975.1
2024-02-08 16:00:00,50816.88,51597.51,50806.29,51201.9,2629.5
2024-02-08 17:00:00,51155.93,51433.42,50946.95,51190.18,3279.8
2024-02-08 18:00:00,51165.22,51278.83,50827.57,51053.2,2553.5
2024-02-08 19:00:00,51108.05,51735.03,51341.97,51538.5,4523.4
2024-02-08 20:00:00,51564.08,51276.73,51064.29,51170.51,2740.4
2024-02-08 21:00:00,51276.69,50866.54,50359.58,50613.06,4288.1
2024-02-08 22:00:00,50672.79,50878.57,50580.37,50729.47,4106.1
2024-02-08 23:00:00,50787.52,50984.18,50230.22,50607.2,2347.3
2024-02-09 00:00:00,50536.96,50609.77,50097.94,50353.85,1535.4
2024-02-09 01:00:00,50392.32,50797.49,50276.97,50537.23,2327.4
2024-02-09 02:00:00,50534.55,50780.22,50427.56,50603.89,4218.0
2024-02-09 03:00:00,50576.01,50535.06,50397.39,50466.23,1524.3
2024-02-09 04:00:00,50474.71,50209.5,50086.92,50148.21,2860.0
2024-02-09 05:00:00,50195.61,50571.63,50172.35,50371.99,4127.4
2024-02-09 06:00:00,50397.22,50621.24,50460.33,50540.79,2090.6
2024-02-09 07:00:00,50496.39,50785.91,50255.65,50520.78,3389.9
2024-02-09 08:00:00,50558.29,51357.75,50626.84,50992.3,1605.3
2024-02-09 09:00:00,50959.78,51088.79,50360.34,50724.57,991.8
2024-02-09 10:00:00,50735.56,50625.32,50060.14,50342.73,4074.7
2024-02-09 11:00:00,50327.46,50297.96,50049.24,50173.6,945.4
2024-02-09 12:00:00,50162.62,50520.41,49813.96,50167.18,1721.2
2024-02-09 13:00:00,50205.62,50595.05,49871.43,50233.24,4348.0
2024-02-09 14:00:00,50180.99,50296.92,50058.42,50177.67,2059.1
2024-02-09 15:00:00,50275.28,50580.78,49961.25,50271.02,4878.7
2024-02-09 16:00:00,50179.47,50111.63,49811.3,49961.46,4908.8
2024-02-09 17:00:00,49931.6,50660.21,49994.03,50327.12,1707.2
2024-02-09 18:00:00,50345.75,50713.0,49909.96,50311.48,684.4
2024-02-09 19:00:00,50340.88,50658.81,50536.34,50597.58,3672.8
2024-02-09 20:00:00,50592.49,51058.44,50320.24,50689.34,2529.4
2024-02-09 21:00:00,50686.43,51082.44,50537.91,50810.17,953.4
2024-02-09 22:00:00,50831.03,51358.19,50561.82,50960.0,3683.9
2024-02-09 23:00:00,50948.23,51296.52,50861.83,51079.18,640.3
2024-02-10 00:00:00,51150.34,51603.67,50893.19,51248.43,4415.9
2024-02-10 01:00:00,51291.45,51668.27,51520.01,51594.14,1123.9
2024-02-10 02:00:00,51639.18,51822.87,51477.13,51650.0,1072.9
2024-02-10 03:00:00,51600.1,51914.42,51762.11,51838.26,1290.5
2024-02-10 04:00:00,51834.15,52225.81,51414.57,51820.19,4821.2
2024-02-10 05:00:00,51804.62,52549.22,51847.79,52198.51,3619.3
2024-02-10 06:00:00,52146.02,52389.71,51664.68,52027.19,4106.2
2024-02-10 07:00:00,52045.93,52898.09,52103.68,52500.89,2289.4
2024-02-10 08:00:00,52472.66,52579.36,52411.83,52495.59,2013.4
2024-02-10 09:00:00,52530.0,52318.12,51932.48,52125.3,1555.2
2024-02-10 10:00:00,52069.51,52242.0,52085.79,52163.9,2662.9
2024-02-10 11:00:00,52253.57,52120.19,51862.77,51991.48,2983.2
2024-02-10 12:00:00,51944.88,52351.26,52079.16,52215.21,3343.0
2024-02-10 13:00:00,52226.66,52273.02,51827.08,52050.05,1657.0
2024-02-10 14:00:00,52091.27,52088.72,51789.55,51939.13,4768.9
2024-02-10 15:00:00,51909.5,51541.45,51365.8,51453.62,1263.9
2024-02-10 16:00:00,51497.49,51453.94,51230.87,51342.4,4845.4
2024-02-10 17:00:00,51279.3,50828.32,50622.28,50725.3,566.9
2024-02-10 18:00:00,50798.96,50721.8,49935.51,50328.65,2665.1
2024-02-10 19:00:00,50329.36,50844.11,50205.97,50525.04,2000.2
2024-02-10 20:00:00,50494.9,51122.98,50334.22,50728.6,2521.1
2024-02-10 21:00:00,50713.43,51048.93,50634.25,50841.59,3068.0
2024-02-10 22:00:00,50882.72,50750.06,50451.66,50600.86,2460.2
2024-02-10 23:00:00,50571.29,50927.17,50260.54,50593.85,2366.8
2024-02-11 00:00:00,50555.94,50764.15,50431.85,50598.0,3797.3
2024-02-11 01:00:00,50586.79,50465.75,50154.26,50310.0,3586.4
2024-02-11 02:00:00,50250.79,50826.41,50560.02,50693.22,4249.7
2024-02-11 03:00:00,50785.5,51017.81,50823.52,50920.67,1624.8
2024-02-11 04:00:00,50891.82,51011.69,50727.31,50869.5,3242.9
2024-02-11 05:00:00,50911.8,51058.86,50703.99,50881.43,3133.4
2024-02-11 06:00:00,50892.08,51230.8,50648.26,50939.53,2163.8
2024-02-11 07:00:00,50889.38,50497.1,50352.09,50424.6,2687.3
2024-02-11 08:00:00,50424.3,50491.91,50242.73,50367.32,1912.0
2024-02-11 09:00:00,50406.81,50535.1,49866.11,50200.61,1138.3
2024-02-11 10:00:00,50191.16,50055.55,49852.89,49954.22,1462.1
2024-02-11 11:00:00,50013.82,50058.55,49719.45,49889.0,974.8
2024-02-11 12:00:00,49939.97,50697.46,49987.37,50342.42,3573.8
2024-02-11 13:00:00,50388.68,50614.04,50403.47,50508.76,3473.3
2024-02-11 14:00:00,50485.54,50449.1,50290.02,50369.56,4777.7
2024-02-11 15:00:00,50315.17,50740.67,50296.94,50518.8,3783.6
2024-02-11 16:00:00,50487.8,51035.9,50718.74,50877.32,734.2
2024-02-11 17:00:00,50887.31,51370.34,50864.91,51117.62,4479.1
2024-02-11 18:00:00,51145.52,51476.85,50799.1,51137.98,4382.0
2024-02-11 19:00:00,51026.93,51077.59,50877.76,50977.68,2494.9
2024-02-11 20:00:00,50977.26,51419.87,50901.62,51160.74,3136.4
2024-02-11 21:00:00,51168.83,51499.19,51033.84,51266.51,4892.4
2024-02-11 22:00:00,51252.28,51604.55,51397.66,51501.11,2895.4
2024-02-11 23:00:00,51567.61,51947.18,51392.45,51669.82,4573.9
2024-02-12 00:00:00,51691.61,52097.58,51794.69,51946.14,873.7
2024-02-12 01:00:00,52014.2,52041.06,51583.57,51812.31,1359.7
2024-02-12 02:00:00,51801.12,52240.98,52076.58,52158.78,2483.4
2024-02-12 03:00:00,52207.68,52435.73,51995.33,52215.53,3131.4
2024-02-12 04:00:00,52300.91,52928.51,52596.6,52762.56,4173.0
2024-02-12 05:00:00,52831.76,52941.32,52230.71,52586.01,4947.2
2024-02-12 06:00:00,52528.58,53121.92,52973.5,53047.71,2249.8
2024-02-12 07:00:00,53034.25,53314.23,52896.79,53105.51,713.4
2024-02-12 08:00:00,53087.18,53160.67,52715.03,52937.85,4105.3
2024-02-12 09:00:00,52963.75,53135.92,52494.21,52815.06,3219.7
2024-02-12 10:00:00,52851.31,53000.48,52471.02,52735.75,1393.4
2024-02-12 11:00:00,52691.51,53152.57,52553.17,52852.87,2726.7
2024-02-12 12:00:00,52856.45,53337.58,52655.06,52996.32,3840.4
2024-02-12 13:00:00,52889.27,53221.42,52477.78,52849.6,3966.9
2024-02-12 14:00:00,52925.81,53017.41,52679.49,52848.45,2748.3
2024-02-12 15:00:00,52821.37,53674.42,53165.2,53419.81,1873.5
2024-02-12 16:00:00,53422.8,54257.36,53515.8,53886.58,4881.8
2024-02-12 17:00:00,53869.89,54437.62,53581.44,54009.53,3485.1
2024-02-12 18:00:00,54071.42,54415.61,53634.77,54025.19,2337.1
2024-02-12 19:00:00,53871.89,54257.66,53868.38,54063.02,1762.1
2024-02-12 20:00:00,54062.12,54362.59,54105.94,54234.27,3790.0
2024-02-12 21:00:00,54228.53,54201.16,53723.51,53962.34,1589.8
2024-02-12 22:00:00,53937.86,54232.0,53564.58,53898.29,1272.7
2024-02-12 23:00:00,53991.33,53691.77,53216.25,53454.01,2884.3
2024-02-13 00:00:00,53406.58,53800.8,53331.32,53566.06,1804.9
2024-02-13 01:00:00,53607.4,54113.85,53375.65,53744.75,3330.1
2024-02-13 02:00:00,53763.9,53809.55,53431.01,53620.28,1030.7
2024-02-13 03:00:00,53687.93,54426.97,53668.3,54047.63,3447.2
2024-02-13 04:00:00,54011.57,53928.49,53515.09,53721.79,1774.8
2024-02-13 05:00:00,53682.41,53509.69,53157.94,53333.82,501.1
2024-02-13 06:00:00,53392.28,53622.1,53175.91,53399.01,1071.2
2024-02-13 07:00:00,53421.72,54024.12,53343.71,53683.92,4701.3
2024-02-13 08:00:00,53600.98,54243.18,54039.39,54141.28,4403.1
2024-02-13 09:00:00,54112.08,54150.77,53894.17,54022.47,1551.2
2024-02-13 10:00:00,54043.35,54735.33,53903.15,54319.24,4002.7
2024-02-13 11:00:00,54364.75,54435.25,54193.18,54314.21,3238.6
2024-02-13 12:00:00,54277.32,54542.72,54002.81,54272.77,4869.1
2024-02-13 13:00:00,54114.6,54793.59,54242.39,54517.99,2181.2
2024-02-13 14:00:00,54546.51,54943.44,54459.07,54701.25,3566.6
2024-02-13 15:00:00,54634.5,54574.8,53976.34,54275.57,785.9
2024-02-13 16:00:00,54166.08,54824.35,54539.05,54681.7,2283.1
2024-02-13 17:00:00,54526.82,55332.59,54796.41,55064.5,4837.2
2024-02-13 18:00:00,55109.32,55095.69,54699.85,54897.77,2925.4
2024-02-13 19:00:00,54904.83,55321.71,54702.1,55011.9,1795.5
2024-02-13 20:00:00,54999.49,55262.97,55043.62,55153.29,1041.2
2024-02-13 21:00:00,55229.9,55506.63,54954.75,55230.69,3665.9
2024-02-13 22:00:00,55265.89,55210.77,54957.73,55084.25,3401.9
2024-02-13 23:00:00,55173.28,55066.77,54742.78,54904.78,2182.7
2024-02-14 00:00:00,54828.31,55042.21,54764.29,54903.25,4779.2
2024-02-14 01:00:00,54901.36,55356.59,55104.76,55230.68,599.9
2024-02-14 02:00:00,55141.38,55761.83,55010.8,55386.32,1866.8
2024-02-14 03:00:00,55373.61,55455.09,55123.36,55289.22,4644.8
2024-02-14 04:00:00,55275.47,55923.83,55092.33,55508.08,1944.2
2024-02-14 05:00:00,55542.86,55149.31,54296.78,54723.05,1635.1
2024-02-14 06:00:00,54725.54,55317.99,54767.69,55042.84,2904.0
2024-02-14 07:00:00,55077.15,54678.74,54460.36,54569.55,4207.1
2024-02-14 08:00:00,54607.94,54673.42,54278.81,54476.12,964.2
2024-02-14 09:00:00,54593.51,54533.29,53819.88,54176.59,4743.6
2024-02-14 10:00:00,54159.51,54023.57,53639.03,53831.3,4077.8
2024-02-14 11:00:00,53780.64,54236.26,54061.99,54149.12,1315.6
2024-02-14 12:00:00,54162.45,54292.51,53763.31,54027.91,3704.0
2024-02-14 13:00:00,53984.57,54501.25,53752.59,54126.92,2232.3
2024-02-14 14:00:00,54207.13,54475.28,53763.99,54119.63,2310.3
2024-02-14 15:00:00,54104.31,54374.89,54133.37,54254.13,4024.8
2024-02-14 16:00:00,54223.45,54590.3,53970.49,54280.4,4832.5
2024-02-14 17:00:00,54254.81,54074.81,53800.43,53937.62,1070.0
2024-02-14 18:00:00,53976.37,54348.71,54074.68,54211.69,2392.8
2024-02-14 19:00:00,54203.14,54468.27,53698.29,54083.28,2664.2
2024-02-14 20:00:00,54048.57,53815.22,53520.3,53667.76,2193.4
2024-02-14 21:00:00,53757.14,53710.5,53406.0,53558.25,2134.4
2024-02-14 22:00:00,53512.39,54019.71,53911.28,53965.49,735.2
2024-02-14 23:00:00,53967.41,54584.84,53815.77,54200.3,3584.9
2024-02-15 00:00:00,54235.66,54465.57,53756.91,54111.24,2463.0
2024-02-15 01:00:00,54022.96,54313.4,53730.91,54022.15,1376.6
2024-02-15 02:00:00,54048.1,54277.91,53603.45,53940.68,4172.2
2024-02-15 03:00:00,53883.77,54618.7,54393.66,54506.18,4111.5
2024-02-15 04:00:00,54551.03,54845.56,54385.88,54615.72,2688.8
2024-02-15 05:00:00,54563.14,54927.93,54549.3,54738.62,1843.0
2024-02-15 06:00:00,54776.54,55117.22,54934.92,55026.07,3371.4
2024-02-15 07:00:00,55086.92,55339.86,54854.68,55097.27,1796.7
2024-02-15 08:00:00,55144.74,55441.14,54621.7,55031.42,1562.0
2024-02-15 09:00:00,55045.25,55053.3,54912.5,54982.9,3787.3
2024-02-15 10:00:00,54970.18,55135.83,54801.59,54968.71,681.5
2024-02-15 11:00:00,54937.02,55098.79,54829.16,54963.98,926.5
2024-02-15 12:00:00,55044.83,55316.58,55022.3,55169.44,530.5
2024-02-15 13:00:00,55130.85,55595.43,54783.15,55189.29,1188.2
2024-02-15 14:00:00,55132.05,55633.88,55160.07,55396.97,810.5
2024-02-15 15:00:00,55433.83,55616.3,55144.01,55380.16,4981.1
2024-02-15 16:00:00,55336.07,55757.87,55057.07,55407.47,1799.6
2024-02-15 17:00:00,55354.83,54973.62,54745.25,54859.43,1171.7
2024-02-15 18:00:00,54780.24,55359.38,54873.16,55116.27,1584.5
2024-02-15 19:00:00,55089.65,55438.68,54995.85,55217.26,4712.6
2024-02-15 20:00:00,55212.7,55785.71,55210.93,55498.32,2840.7
2024-02-15 21:00:00,55511.81,55137.62,54262.75,54700.18,2141.7
2024-02-15 22:00:00,54752.22,55629.83,54923.82,55276.83,4430.3
2024-02-15 23:00:00,55305.95,55452.88,55034.67,55243.77,2277.5
2024-02-16 00:00:00,55233.23,55932.78,55178.02,55555.4,2007.5
2024-02-16 01:00:00,55544.39,55393.41,55150.77,55272.09,1432.8
2024-02-16 02:00:00,55300.29,55514.24,55379.7,55446.97,2200.1
2024-02-16 03:00:00,55517.53,55294.57,55026.37,55160.47,1925.1
2024-02-16 04:00:00,55167.44,55179.99,54807.91,54993.95,3547.9
2024-02-16 05:00:00,54968.15,55779.73,55271.77,55525.75,1803.1
2024-02-16 06:00:00,55470.62,55772.72,55184.0,55478.36,3097.4
2024-02-16 07:00:00,55398.18,55953.82,55134.63,55544.22,796.5
2024-02-16 08:00:00,55581.23,56046.32,55536.5,55791.41,1360.8
2024-02-16 09:00:00,55823.66,56187.48,55683.06,55935.27,2333.3
2024-02-16 10:00:00,55967.56,56058.6,55907.26,55982.93,4716.3
2024-02-16 11:00:00,55975.73,56160.48,56020.89,56090.69,2197.6
2024-02-16 12:00:00,56169.6,57046.14,56494.54,56770.34,3488.3
2024-02-16 13:00:00,56742.86,56990.52,56528.81,56759.66,1647.9
2024-02-16 14:00:00,56813.88,57213.02,56431.8,56822.41,1071.7
2024-02-16 15:00:00,56820.21,57247.98,57005.22,57126.6,763.4
2024-02-16 16:00:00,57091.84,57515.57,57380.59,57448.08,1874.4
2024-02-16 17:00:00,57482.12,58034.25,57555.33,57794.79,1209.5
2024-02-16 18:00:00,57818.47,58139.52,57830.77,57985.15,1283.0
2024-02-16 19:00:00,58005.85,57737.24,57581.87,57659.56,3923.4
2024-02-16 20:00:00,57664.25,58489.25,57783.23,58136.24,571.3
2024-02-16 21:00:00,58134.04,57911.8,57705.87,57808.83,3010.1
2024-02-16 22:00:00,57946.9,58206.55,57597.63,57902.09,2207.6
2024-02-16 23:00:00,57970.66,57860.69,57518.32,57689.51,2779.5
2024-02-17 00:00:00,57731.21,57804.5,57549.05,57676.78,3032.7
2024-02-17 01:00:00,57683.22,57988.72,57565.99,57777.35,1910.2
2024-02-17 02:00:00,57835.54,58258.53,57493.4,57875.97,1828.0
2024-02-17 03:00:00,57905.95,58221.05,57786.65,58003.85,3800.3
2024-02-17 04:00:00,58005.37,58843.46,58111.86,58477.66,4420.7
2024-02-17 05:00:00,58459.91,58726.22,58506.01,58616.11,1366.6
2024-02-17 06:00:00,58611.37,58925.69,58175.14,58550.42,939.3
2024-02-17 07:00:00,58364.79,58994.94,58682.09,58838.51,4540.1
2024-02-17 08:00:00,58850.9,59534.21,58854.45,59194.33,2074.5
2024-02-17 09:00:00,59165.41,59128.77,58545.05,58836.91,2980.9
2024-02-17 10:00:00,58930.62,59461.42,58575.66,59018.54,2117.9
2024-02-17 11:00:00,59019.68,59451.18,59011.53,59231.35,1066.1
2024-02-17 12:00:00,59160.93,59235.7,59062.61,59149.15,3152.0
2024-02-17 13:00:00,59146.2,59629.47,59494.38,59561.93,2863.1
2024-02-17 14:00:00,59499.62,59927.24,59119.15,59523.19,1413.5
2024-02-17 15:00:00,59551.37,59844.88,59288.16,59566.52,2533.4
2024-02-17 16:00:00,59583.85,59903.45,59138.41,59520.93,4086.3
2024-02-17 17:00:00,59577.94,59688.74,59374.3,59531.52,3156.9
2024-02-17 18:00:00,59484.44,59413.4,59008.92,59211.16,936.1
2024-02-17 19:00:00,59213.17,58861.92,58719.56,58790.74,2966.1
2024-02-17 20:00:00,58710.49,59723.48,58807.18,59265.33,3662.3
2024-02-17 21:00:00,59306.91,59355.23,58685.34,59020.28,4067.2
2024-02-17 22:00:00,59050.91,59176.03,58291.21,58733.62,3331.0
2024-02-17 23:00:00,58762.74,58273.21,57941.02,58107.11,1187.0
2024-02-18 00:00:00,58107.21,58233.15,57621.41,57927.28,3695.8
2024-02-18 01:00:00,57951.31,57880.74,57218.98,57549.86,3548.0
2024-02-18 02:00:00,57642.19,58215.12,57841.09,58028.1,609.9
2024-02-18 03:00:00,58011.56,58731.5,57922.3,58326.9,2352.9
2024-02-18 04:00:00,58334.98,58575.6,57688.49,58132.04,1998.3
2024-02-18 05:00:00,58068.9,59215.5,58369.59,58792.55,3512.4
2024-02-18 06:00:00,58741.5,59451.8,58722.26,59087.03,1472.6
2024-02-18 07:00:00,59092.81,59170.55,58823.39,58996.97,3158.9
2024-02-18 08:00:00,59062.1,58438.71,58092.46,58265.58,4609.4
2024-02-18 09:00:00,58250.65,59395.22,58482.43,58938.83,4090.1
2024-02-18 10:00:00,58924.92,58597.97,58472.47,58535.22,4646.6
2024-02-18 11:00:00,58511.4,58408.58,57710.43,58059.51,4903.3
2024-02-18 12:00:00,58028.46,58709.05,58015.27,58362.16,548.0
2024-02-18 13:00:00,58379.38,59396.54,58763.34,59079.94,3302.3
2024-02-18 14:00:00,58991.49,59966.6,59022.93,59494.77,2357.8
2024-02-18 15:00:00,59570.97,59858.4,59478.53,59668.46,4369.3
2024-02-18 16:00:00,59628.76,60054.16,59649.58,59851.87,1633.2
2024-02-18 17:00:00,59895.08,60206.58,60019.92,60113.25,4914.6
2024-02-18 18:00:00,60036.9,60594.77,60099.97,60347.37,3261.7
2024-02-18 19:00:00,60387.73,60609.13,60267.37,60438.25,4070.9
2024-02-18 20:00:00,60478.86,60681.62,60269.94,60475.78,885.2
2024-02-18 21:00:00,60499.02,60876.59,60049.21,60462.9,1325.6
2024-02-18 22:00:00,60402.78,60695.74,59786.29,60241.01,3912.8
2024-02-18 23:00:00,60256.05,60300.88,60024.11,60162.5,598.9
2024-02-19 00:00:00,60091.32,59874.47,59444.03,59659.25,4176.0
2024-02-19 01:00:00,59644.17,60083.18,59188.59,59635.88,562.8
2024-02-19 02:00:00,59697.27,59432.09,59262.04,59347.07,3457.0
2024-02-19 03:00:00,59394.35,59122.72,58928.34,59025.53,2142.9
2024-02-19 04:00:00,59026.42,59210.94,58958.11,59084.52,3251.7
2024-02-19 05:00:00,59026.93,59809.08,59194.25,59501.66,3632.1
2024-02-19 06:00:00,59540.07,59903.57,59658.07,59780.82,2041.1
2024-02-19 07:00:00,59781.98,59778.65,58856.08,59317.37,985.8
2024-02-19 08:00:00,59179.73,59273.4,58786.17,59029.79,813.4
2024-02-19 09:00:00,59075.99,59580.9,59045.82,59313.36,3150.2
2024-02-19 10:00:00,59311.92,59188.86,58866.97,59027.92,2842.9
2024-02-19 11:00:00,59098.89,59220.89,58714.15,58967.52,3839.9
2024-02-19 12:00:00,58902.94,59468.73,58802.46,59135.59,2793.8
2024-02-19 13:00:00,58947.74,59223.52,58486.86,58855.19,2401.0
2024-02-19 14:00:00,58871.61,59261.75,58522.41,58892.08,2291.4
2024-02-19 15:00:00,58909.25,58800.33,58209.98,58505.16,619.0
2024-02-19 16:00:00,58406.24,58762.72,57907.46,58335.09,2010.0
2024-02-19 17:00:00,58278.01,58826.98,58041.41,58434.2,4892.1
2024-02-19 18:00:00,58595.2,58339.82,57609.41,57974.61,4431.0
2024-02-19 19:00:00,57956.9,58188.82,58027.37,58108.09,1982.2
2024-02-19 20:00:00,58150.57,58169.1,58047.29,58108.2,3145.1
2024-02-19 21:00:00,58070.39,58419.47,58129.59,58274.53,4312.8
2024-02-19 22:00:00,58152.72,58674.94,58016.26,58345.6,2485.7
2024-02-19 23:00:00,58335.67,58977.24,58521.54,58749.39,580.8
2024-02-20 00:00:00,58733.79,59016.45,58567.65,58792.05,835.3
2024-02-20 01:00:00,58768.54,59093.68,58249.73,58671.7,2796.8
2024-02-20 02:00:00,58664.98,59140.23,58286.66,58713.45,4862.5
2024-02-20 03:00:00,58728.96,59312.41,58445.22,58878.81,3619.4
2024-02-20 04:00:00,58869.97,59087.39,58710.78,58899.08,819.1
2024-02-20 05:00:00,58824.64,59260.85,58573.01,58916.93,1352.1
2024-02-20 06:00:00,58945.57,58886.38,58545.66,58716.02,3971.0
2024-02-20 07:00:00,58601.56,58663.9,58390.66,58527.28,4286.5
2024-02-20 08:00:00,58407.28,58255.92,57989.44,58122.68,3279.6
2024-02-20 09:00:00,58165.64,58836.0,58437.89,58636.94,3399.9
2024-02-20 10:00:00,58666.67,58511.8,58044.45,58278.13,627.5
2024-02-20 11:00:00,58274.78,58477.97,57686.12,58082.05,4228.4
2024-02-20 12:00:00,58001.0,57985.68,57772.77,57879.22,4047.2
2024-02-20 13:00:00,57838.25,58501.26,57786.73,58144.0,1665.7
2024-02-20 14:00:00,58128.72,58338.14,57789.99,58064.06,3689.0
2024-02-20 15:00:00,57971.4,58608.32,58255.91,58432.12,1466.8
2024-02-20 16:00:00,58388.93,58500.35,57982.03,58241.19,681.5
2024-02-20 17:00:00,58279.18,58509.05,58147.47,58328.26,1405.1
2024-02-20 18:00:00,58411.51,58390.95,57789.99,58090.47,1303.8
2024-02-20 19:00:00,58066.11,58956.39,58482.3,58719.34,2019.9
2024-02-20 20:00:00,58763.76,58502.1,58250.98,58376.54,2383.0
2024-02-20 21:00:00,58264.81,58579.0,58366.62,58472.81,2788.4
2024-02-20 22:00:00,58511.37,58947.11,58380.79,58663.95,2645.4
2024-02-20 23:00:00,58616.79,59221.36,58361.02,58791.19,1718.0
2024-02-21 00:00:00,58809.26,58942.78,58542.43,58742.61,631.3
2024-02-21 01:00:00,58728.05,59070.3,58350.4,58710.35,3223.0
2024-02-21 02:00:00,58787.87,59058.59,58399.57,58729.08,2280.9
2024-02-21 03:00:00,58677.73,59133.2,58250.37,58691.79,1844.0
2024-02-21 04:00:00,58728.62,59378.45,58582.58,58980.52,4401.2
2024-02-21 05:00:00,58964.03,59934.48,59342.13,59638.3,3860.3
2024-02-21 06:00:00,59628.86,59811.06,59145.0,59478.03,4359.9
2024-02-21 07:00:00,59467.09,59507.2,58646.02,59076.61,2727.4
2024-02-21 08:00:00,59026.65,59280.66,58832.22,59056.44,1089.2
2024-02-21 09:00:00,59055.61,60020.76,59627.41,59824.09,3633.0
2024-02-21 10:00:00,59820.34,59653.77,59525.58,59589.68,1427.3
2024-02-21 11:00:00,59604.05,60491.73,59676.28,60084.01,2485.5
2024-02-21 12:00:00,60089.08,60994.37,60193.69,60594.03,792.5
2024-02-21 13:00:00,60642.38,60536.99,60327.75,60432.37,4213.9
2024-02-21 14:00:00,60488.18,60915.69,60304.98,60610.34,1066.7
2024-02-21 15:00:00,60546.66,61369.47,60850.3,61109.89,4563.9
2024-02-21 16:00:00,61162.98,61111.84,60888.47,61000.15,4389.0
2024-02-21 17:00:00,60927.79,61423.43,60464.9,60944.16,2590.6
2024-02-21 18:00:00,60979.99,60925.11,60620.9,60773.01,3849.7
2024-02-21 19:00:00,60810.67,60559.67,60381.8,60470.74,3287.5
2024-02-21 20:00:00,60355.16,60591.75,59969.19,60280.47,4113.8
2024-02-21 21:00:00,60286.08,60287.42,59547.78,59917.6,2443.1
2024-02-21 22:00:00,59889.53,60007.35,59860.26,59933.8,4036.1
2024-02-21 23:00:00,59888.33,60044.09,59374.03,59709.06,2581.1
2024-02-22 00:00:00,59789.72,60067.37,59502.28,59784.83,4734.3
2024-02-22 01:00:00,59745.75,59427.92,59223.5,59325.71,2688.7
2024-02-22 02:00:00,59277.87,59560.99,59298.59,59429.79,2581.8
2024-02-22 03:00:00,59434.29,59980.39,59386.44,59683.42,4032.8
2024-02-22 04:00:00,59724.33,59276.11,58912.73,59094.42,4197.1
2024-02-22 05:00:00,59086.05,59658.97,58762.73,59210.85,2995.2
2024-02-22 06:00:00,59279.91,59981.28,59179.18,59580.23,1309.1
2024-02-22 07:00:00,59611.87,59692.83,58758.84,59225.83,2604.9
2024-02-22 08:00:00,59096.83,59895.35,59558.76,59727.05,4856.3
2024-02-22 09:00:00,59695.43,60324.34,59391.98,59858.16,3888.4
2024-02-22 10:00:00,59824.53,59892.87,59413.42,59653.14,4150.2
2024-02-22 11:00:00,59681.74,59847.21,59437.74,59642.47,647.7
2024-02-22 12:00:00,59485.92,59895.84,59734.04,59814.94,2605.4
2024-02-22 13:00:00,59967.41,59925.6,59761.7,59843.65,3409.8
2024-02-22 14:00:00,59875.43,60361.55,59660.13,60010.84,4235.1
2024-02-22 15:00:00,60019.78,59991.83,59489.35,59740.59,721.7
2024-02-22 16:00:00,59811.18,59951.77,59642.54,59797.15,4336.0
2024-02-22 17:00:00,59937.3,59695.04,59065.87,59380.45,2967.8
2024-02-22 18:00:00,59432.16,59517.78,59188.96,59353.37,1387.9
2024-02-22 19:00:00,59409.68,59389.07,58793.03,59091.05,1927.6
2024-02-22 20:00:00,59098.78,59086.58,58672.72,58879.65,1768.7
2024-02-22 21:00:00,58871.31,59650.25,58848.62,59249.44,2888.9
2024-02-22 22:00:00,59221.25,59980.51,59176.81,59578.66,732.6
2024-02-22 23:00:00,59529.44,60025.55,59506.6,59766.08,1213.4
2024-02-23 00:00:00,59725.02,59651.06,59240.21,59445.64,4157.1
2024-02-23 01:00:00,59365.35,59567.54,59147.53,59357.54,1096.7
2024-02-23 02:00:00,59353.03,60120.07,59326.94,59723.5,1550.3
2024-02-23 03:00:00,59622.89,59968.88,59574.71,59771.8,2540.2
2024-02-23 04:00:00,59783.21,60619.89,60321.96,60470.92,2827.0
2024-02-23 05:00:00,60468.73,60692.41,60499.38,60595.89,3936.2
2024-02-23 06:00:00,60604.8,60918.97,60401.31,60660.14,2513.0
2024-02-23 07:00:00,60628.47,60837.45,60307.45,60572.45,4054.4
2024-02-23 08:00:00,60758.82,61036.4,60201.51,60618.95,3282.6
2024-02-23 09:00:00,60701.4,60733.2,60424.41,60578.8,1008.9
2024-02-23 10:00:00,60503.41,61022.29,60576.39,60799.34,1203.5
2024-02-23 11:00:00,60813.5,61503.09,60689.43,61096.26,2466.7
2024-02-23 12:00:00,61059.11,61274.02,60450.5,60862.26,2286.0
2024-02-23 13:00:00,60800.52,60686.48,60239.99,60463.24,3845.9
2024-02-23 14:00:00,60382.21,60166.64,59661.7,59914.17,3113.3
2024-02-23 15:00:00,59940.06,60259.95,59884.73,60072.34,2246.6
2024-02-23 16:00:00,60031.41,60196.71,59297.17,59746.94,1268.4
2024-02-23 17:00:00,59804.76,59217.97,59001.57,59109.77,1520.8
2024-02-23 18:00:00,59168.51,59676.9,58784.15,59230.52,3089.8
2024-02-23 19:00:00,59311.9,60321.83,59627.68,59974.76,2405.5
2024-02-23 20:00:00,59923.63,60262.09,59695.77,59978.93,2817.2
2024-02-23 21:00:00,60007.44,60310.4,60162.38,60236.39,1268.0
2024-02-23 22:00:00,60274.49,60527.97,60006.15,60267.06,3483.1
2024-02-23 23:00:00,60238.48,60475.48,60011.09,60243.29,4336.4
2024-02-24 00:00:00,60196.79,60654.98,60397.32,60526.15,1660.7
2024-02-24 01:00:00,60623.57,60782.54,60106.18,60444.36,2711.8
2024-02-24 02:00:00,60458.11,61003.24,60059.19,60531.21,4889.9
2024-02-24 03:00:00,60569.71,60933.88,60335.38,60634.63,1999.6
2024-02-24 04:00:00,60584.79,60800.97,60075.32,60438.15,3177.7
2024-02-24 05:00:00,60364.46,60833.83,60654.13,60743.98,905.9
2024-02-24 06:00:00,60709.39,60935.07,60458.76,60696.91,3227.1
2024-02-24 07:00:00,60689.39,60583.36,60363.9,60473.63,903.3
2024-02-24 08:00:00,60409.27,60962.67,60321.13,60641.9,4816.6
2024-02-24 09:00:00,60641.3,60832.54,59918.53,60375.54,3720.5
2024-02-24 10:00:00,60273.59,60730.23,60049.94,60390.08,4046.7
2024-02-24 11:00:00,60322.44,60486.23,60300.51,60393.37,3668.5
2024-02-24 12:00:00,60433.89,60938.8,60515.82,60727.31,3153.8
2024-02-24 13:00:00,60763.98,61173.06,60581.98,60877.52,2524.6
2024-02-24 14:00:00,60853.66,61108.69,60643.29,60875.99,4362.7
2024-02-24 15:00:00,60814.03,61548.85,60713.13,61130.99,4805.8
2024-02-24 16:00:00,61068.18,61974.66,61149.39,61562.03,2745.7
2024-02-24 17:00:00,61539.05,62066.04,61413.72,61739.88,4691.9
2024-02-24 18:00:00,61779.67,61972.43,61526.08,61749.25,3125.0
2024-02-24 19:00:00,61806.57,61521.41,61179.4,61350.4,2922.7
2024-02-24 20:00:00,61319.94,61136.07,60923.55,61029.81,2545.2
2024-02-24 21:00:00,60959.41,61155.12,60730.43,60942.77,1441.8
2024-02-24 22:00:00,60959.1,60999.65,60526.64,60763.14,516.7
2024-02-24 23:00:00,60713.1,61060.34,60364.49,60712.41,1586.8
2024-02-25 00:00:00,60680.95,61076.23,60395.13,60735.68,2793.8
2024-02-25 01:00:00,60816.17,60993.4,60811.82,60902.61,2209.8
2024-02-25 02:00:00,60952.99,61116.59,60657.88,60887.23,2518.2
2024-02-25 03:00:00,60896.85,61180.15,60902.72,61041.43,4912.9
2024-02-25 04:00:00,60963.79,61195.31,60939.11,61067.21,2076.2
2024-02-25 05:00:00,61080.12,60880.8,60059.48,60470.14,2534.8
2024-02-25 06:00:00,60534.4,60270.03,60114.32,60192.18,1100.8
2024-02-25 07:00:00,60169.57,60391.5,59918.17,60154.83,715.8
2024-02-25 08:00:00,60236.11,59927.21,59666.8,59797.0,3989.3
2024-02-25 09:00:00,59874.3,60411.54,59553.16,59982.35,3068.1
2024-02-25 10:00:00,60082.15,60743.59,60151.29,60447.44,3923.2
2024-02-25 11:00:00,60465.89,60981.17,60662.51,60821.84,1174.4
2024-02-25 12:00:00,60857.57,61037.48,60488.55,60763.01,3073.2
2024-02-25 13:00:00,60848.94,61596.7,60847.29,61221.99,1641.4
2024-02-25 14:00:00,61249.38,61745.85,60801.4,61273.62,1526.3
2024-02-25 15:00:00,61242.91,61332.06,61020.9,61176.48,551.9
2024-02-25 16:00:00,61149.04,61434.33,60555.6,60994.97,1086.5
2024-02-25 17:00:00,61009.52,61368.08,60449.56,60908.82,1891.7
2024-02-25 18:00:00,60830.22,61247.5,60345.89,60796.7,1026.0
2024-02-25 19:00:00,60787.99,61186.11,60523.05,60854.58,4936.4
2024-02-25 20:00:00,60921.31,61238.97,60580.08,60909.52,1888.8
2024-02-25 21:00:00,60776.05,61149.39,60683.69,60916.54,1086.5
2024-02-25 22:00:00,61010.02,61438.34,60673.09,61055.72,1395.9
2024-02-25 23:00:00,61124.24,61715.17,61135.43,61425.3,3144.7
2024-02-26 00:00:00,61397.06,62077.5,61368.66,61723.08,788.2
2024-02-26 01:00:00,61756.62,61516.02,61025.95,61270.99,4381.0
2024-02-26 02:00:00,61271.18,60864.96,60124.45,60494.71,4826.7
2024-02-26 03:00:00,60569.12,61194.95,60371.78,60783.36,1610.4
2024-02-26 04:00:00,60843.1,60496.29,60251.76,60374.03,2525.4
2024-02-26 05:00:00,60289.5,60724.18,59900.25,60312.21,599.6
2024-02-26 06:00:00,60347.63,60252.14,59678.62,59965.38,3383.2
2024-02-26 07:00:00,59953.05,59841.93,59020.27,59431.1,2362.7
2024-02-26 08:00:00,59436.02,59837.47,59358.41,59597.94,1715.3
2024-02-26 09:00:00,59554.54,60048.7,59611.54,59830.12,1430.8
2024-02-26 10:00:00,59934.71,60105.47,59221.8,59663.64,3443.1
2024-02-26 11:00:00,59725.69,59059.1,58734.2,58896.65,2373.0
2024-02-26 12:00:00,58853.08,59147.56,58335.81,58741.68,1308.5
2024-02-26 13:00:00,58663.28,59120.93,58604.33,58862.63,3601.0
2024-02-26 14:00:00,58839.93,58701.97,58164.54,58433.25,3042.8
2024-02-26 15:00:00,58458.64,58677.46,58307.87,58492.67,4364.0
2024-02-26 16:00:00,58506.72,58787.17,58200.91,58494.04,1028.6
2024-02-26 17:00:00,58567.34,58861.54,58477.09,58669.32,4035.5
2024-02-26 18:00:00,58715.66,58785.11,58635.41,58710.26,3530.8
2024-02-26 19:00:00,58767.18,58600.17,58260.8,58430.49,1017.5
2024-02-26 20:00:00,58449.58,58847.32,58724.5,58785.91,3626.7
2024-02-26 21:00:00,58704.24,59206.25,58284.13,58745.19,2487.0
2024-02-26 22:00:00,58733.7,59198.91,58287.19,58743.05,4752.4
2024-02-26 23:00:00,58805.32,58695.03,58254.59,58474.81,1137.3
2024-02-27 00:00:00,58471.79,58706.91,57995.19,58351.05,3392.8
2024-02-27 01:00:00,58380.41,58297.47,57900.0,58098.74,2218.9
2024-02-27 02:00:00,58080.22,58385.08,57723.54,58054.31,4805.7
2024-02-27 03:00:00,57994.52,58945.68,58168.27,58556.97,1984.9
2024-02-27 04:00:00,58549.75,58604.77,57717.55,58161.16,4829.8
2024-02-27 05:00:00,58179.13,57917.08,57478.4,57697.74,4556.7
2024-02-27 06:00:00,57659.91,58504.78,57751.08,58127.93,1716.7
2024-02-27 07:00:00,58114.23,58239.08,57906.73,58072.9,4115.9
2024-02-27 08:00:00,58018.35,58343.59,57425.28,57884.43,4980.2
2024-02-27 09:00:00,57949.22,58259.88,58122.51,58191.19,1637.0
2024-02-27 10:00:00,58174.06,58323.95,57717.67,58020.81,2465.5
2024-02-27 11:00:00,58105.1,58885.23,58227.46,58556.34,2840.8
2024-02-27 12:00:00,58645.86,59102.45,58418.91,58760.68,1827.2
2024-02-27 13:00:00,58755.92,58731.23,58515.18,58623.21,568.7
2024-02-27 14:00:00,58564.09,59710.0,58812.82,59261.41,1490.6
2024-02-27 15:00:00,59137.8,59221.89,58953.83,59087.86,1768.7
2024-02-27 16:00:00,59000.88,59630.89,58995.14,59313.01,2496.2
2024-02-27 17:00:00,59231.53,59559.71,59255.7,59407.7,1270.0
2024-02-27 18:00:00,59489.6,59988.71,59611.91,59800.31,4429.6
2024-02-27 19:00:00,59807.24,60564.02,59982.36,60273.19,3672.1
2024-02-27 20:00:00,60296.67,60525.21,60052.5,60288.86,883.4
2024-02-27 21:00:00,60154.99,60195.21,59940.34,60067.77,3425.4
2024-02-27 22:00:00,59995.81,60344.19,60079.67,60211.93,3441.5
2024-02-27 23:00:00,60265.34,60249.59,59778.24,60013.92,4803.0
2024-02-28 00:00:00,60031.13,61006.07,60242.08,60624.07,513.6
2024-02-28 01:00:00,60615.15,61113.56,60229.49,60671.52,1615.7
2024-02-28 02:00:00,60705.79,60663.0,60470.53,60566.77,4675.1
2024-02-28 03:00:00,60665.84,60856.21,60401.29,60628.75,4694.6
2024-02-28 04:00:00,60615.35,60328.93,60123.95,60226.44,3742.6
2024-02-28 05:00:00,60230.62,60006.78,59872.98,59939.88,3945.9
2024-02-28 06:00:00,59951.42,60645.28,59965.99,60305.64,911.7
2024-02-28 07:00:00,60449.89,60427.22,59799.97,60113.6,2812.4
2024-02-28 08:00:00,59987.4,59932.99,59676.89,59804.94,1542.1
2024-02-28 09:00:00,59845.8,60129.52,59813.27,59971.39,1315.5
2024-02-28 10:00:00,59964.51,60403.28,60262.59,60332.93,4146.4
2024-02-28 11:00:00,60367.13,60970.33,60141.36,60555.85,1107.7
2024-02-28 12:00:00,60516.04,61339.61,60387.36,60863.48,2608.9
2024-02-28 13:00:00,60860.5,60757.4,60521.13,60639.27,4723.6
2024-02-28 14:00:00,60682.4,60372.02,60056.46,60214.24,1336.2
2024-02-28 15:00:00,60401.68,61101.76,60242.78,60672.27,4901.0
2024-02-28 16:00:00,60721.3,61033.91,60126.99,60580.45,4974.3
2024-02-28 17:00:00,60529.07,60748.78,60272.28,60510.53,3000.3
2024-02-28 18:00:00,60484.89,61000.94,60835.92,60918.43,1265.6
2024-02-28 19:00:00,60890.81,61171.88,61016.0,61093.94,1922.5
2024-02-28 20:00:00,60984.24,61546.59,60932.04,61239.31,2410.2
2024-02-28 21:00:00,61219.1,62140.53,61676.18,61908.35,1892.0
2024-02-28 22:00:00,61953.72,61789.44,61641.26,61715.35,1762.9
2024-02-28 23:00:00,61636.71,62323.0,61692.66,62007.83,4875.0
2024-02-29 00:00:00,62072.84,62098.65,61964.77,62031.71,1190.1
2024-02-29 01:00:00,62061.97,62525.73,61716.71,62121.22,3800.0
2024-02-29 02:00:00,62075.61,62799.07,62405.3,62602.18,501.8
2024-02-29 03:00:00,62593.32,62847.85,62686.94,62767.4,3182.8
2024-02-29 04:00:00,62867.72,63264.78,62620.44,62942.61,4621.7
2024-02-29 05:00:00,62988.78,63525.9,63046.98,63286.44,1795.7
2024-02-29 06:00:00,63287.0,63671.12,62683.45,63177.29,1334.9
2024-02-29 07:00:00,63162.27,63221.11,62615.91,62918.51,3432.6
2024-02-29 08:00:00,62923.33,62779.31,62412.91,62596.11,3706.7
2024-02-29 09:00:00,62564.08,62356.76,61617.12,61986.94,3596.1
2024-02-29 10:00:00,61856.47,62812.08,62448.77,62630.43,1936.9
2024-02-29 11:00:00,62758.33,62747.79,61834.64,62291.22,1634.9
2024-02-29 12:00:00,62300.89,62453.99,62003.08,62228.54,4801.6
2024-02-29 13:00:00,62253.31,62450.0,61847.27,62148.63,4654.8
2024-02-29 14:00:00,62145.03,62334.66,62166.08,62250.37,2557.9
2024-02-29 15:00:00,62204.61,62759.47,62261.53,62510.5,4307.9
2024-02-29 16:00:00,62498.87,63214.3,62357.08,62785.69,2535.5
2024-02-29 17:00:00,62685.27,63024.62,62193.23,62608.92,2409.8
2024-02-29 18:00:00,62751.49,62723.67,62402.07,62562.87,1205.4
2024-02-29 19:00:00,62485.63,62819.34,62495.7,62657.52,2418.8
2024-02-29 20:00:00,62592.86,63006.52,62165.23,62585.87,2918.4
2024-02-29 21:00:00,62558.32,63569.14,62621.1,63095.12,601.3
2024-02-29 22:00:00,63176.39,63361.8,63150.84,63256.32,2498.5
2024-02-29 23:00:00,63257.24,63758.6,63231.54,63495.07,4016.1
2024-03-01 00:00:00,63416.58,63926.08,63497.66,63711.87,3560.2
2024-03-01 01:00:00,63791.79,64546.78,63637.34,64092.06,3358.2
2024-03-01 02:00:00,64138.91,64258.15,64054.81,64156.48,4593.0
2024-03-01 03:00:00,64191.03,63904.85,63588.94,63746.9,581.1
2024-03-01 04:00:00,63792.52,64281.02,63480.31,63880.67,3006.7
2024-03-01 05:00:00,64033.62,63765.55,63592.46,63679.01,4043.1
2024-03-01 06:00:00,63818.15,63799.57,63234.56,63517.07,2936.0
2024-03-01 07:00:00,63473.45,63970.51,63448.76,63709.64,1957.5
2024-03-01 08:00:00,63813.1,64324.64,63896.28,64110.46,1113.1
2024-03-01 09:00:00,64135.03,64364.93,63882.46,64123.69,4494.0
2024-03-01 10:00:00,64155.7,64531.61,63926.63,64229.12,2618.4
2024-03-01 11:00:00,64120.43,64920.16,64644.25,64782.2,4451.5
2024-03-01 12:00:00,64771.17,65191.26,64542.07,64866.67,3136.3
2024-03-01 13:00:00,64813.94,66153.2,65280.73,65716.96,3533.9
2024-03-01 14:00:00,65771.38,66325.98,65492.73,65909.35,4119.2
2024-03-01 15:00:00,65979.95,65471.41,65199.97,65335.69,3466.2
2024-03-01 16:00:00,65200.15,65722.44,65454.21,65588.33,2291.2
2024-03-01 17:00:00,65586.88,65908.97,65530.79,65719.88,2811.4
2024-03-01 18:00:00,65793.61,66383.61,65916.92,66150.27,4113.7
2024-03-01 19:00:00,66137.92,66635.71,66123.37,66379.54,2181.4
2024-03-01 20:00:00,66427.93,66722.2,65958.24,66340.22,2246.5
2024-03-01 21:00:00,66363.52,66032.86,65848.65,65940.75,930.6
2024-03-01 22:00:00,65963.28,65960.3,65796.56,65878.43,4615.6
2024-03-01 23:00:00,65860.56,65850.45,65359.28,65604.87,909.7
2024-03-02 00:00:00,65525.05,65805.69,65036.32,65421.0,3416.9
2024-03-02 01:00:00,65347.63,65774.54,65465.6,65620.07,2359.4
2024-03-02 02:00:00,65666.62,66537.86,65811.19,66174.53,2325.3
2024-03-02 03:00:00,66175.81,66498.65,66124.81,66311.73,3558.0
2024-03-02 04:00:00,66302.55,66396.67,65447.05,65921.86,801.9
2024-03-02 05:00:00,65893.91,66555.35,65594.64,66074.99,3171.7
2024-03-02 06:00:00,66054.83,66681.75,66272.12,66476.94,3974.1
2024-03-02 07:00:00,66546.53,66453.89,66107.91,66280.9,4227.0
2024-03-02 08:00:00,66258.68,66500.08,65986.15,66243.12,1267.4
2024-03-02 09:00:00,66154.28,66432.42,66076.8,66254.61,4538.4
2024-03-02 10:00:00,66303.88,66377.87,65624.57,66001.22,3452.7
2024-03-02 11:00:00,65987.69,66670.9,65772.61,66221.75,4468.3
2024-03-02 12:00:00,66223.83,66566.37,65810.28,66188.33,2683.8
2024-03-02 13:00:00,66294.73,66782.9,65884.68,66333.79,2939.2
2024-03-02 14:00:00,66332.42,66295.65,65796.48,66046.07,4635.7
2024-03-02 15:00:00,66065.17,66046.24,65770.18,65908.21,4549.6
2024-03-02 16:00:00,65830.51,66560.73,65744.98,66152.86,2516.7
2024-03-02 17:00:00,66138.32,66268.82,65803.48,66036.15,1734.9
2024-03-02 18:00:00,66076.4,66992.59,66233.34,66612.97,2269.3
2024-03-02 19:00:00,66509.36,66678.97,66294.08,66486.52,2244.9
2024-03-02 20:00:00,66499.88,66672.28,66463.44,66567.86,1790.9
2024-03-02 21:00:00,66574.57,67416.53,66353.32,66884.92,1708.6
2024-03-02 22:00:00,66887.68,66556.31,66278.24,66417.27,4374.8
2024-03-02 23:00:00,66486.16,66360.55,65317.8,65839.18,814.4
2024-03-03 00:00:00,65861.19,65855.88,64831.16,65343.52,3549.3
2024-03-03 01:00:00,65440.1,66193.75,65331.38,65762.56,1277.7
2024-03-03 02:00:00,65697.22,65956.02,65219.34,65587.68,2050.3
2024-03-03 03:00:00,65596.6,66768.3,66098.04,66433.17,776.9
2024-03-03 04:00:00,66438.78,66720.31,65784.47,66252.39,1714.9
2024-03-03 05:00:00,66181.55,66520.84,66119.46,66320.15,3957.9
2024-03-03 06:00:00,66383.57,67123.8,66552.5,66838.15,4482.6
2024-03-03 07:00:00,66993.52,67875.49,67155.01,67515.25,1496.9
2024-03-03 08:00:00,67514.1,68482.49,67953.34,68217.92,2586.0
2024-03-03 09:00:00,68252.37,68910.92,68362.87,68636.9,2616.5
2024-03-03 10:00:00,68642.7,69223.72,68766.69,68995.2,4431.1
2024-03-03 11:00:00,68945.97,69549.06,68863.97,69206.51,3932.6
2024-03-03 12:00:00,69080.5,69965.96,68999.59,69482.77,2808.8
2024-03-03 13:00:00,69433.73,69465.29,69131.17,69298.23,3518.4
2024-03-03 14:00:00,69201.77,69542.15,68501.17,69021.66,4313.1
2024-03-03 15:00:00,69139.28,69429.39,68625.41,69027.4,542.9
2024-03-03 16:00:00,69019.45,69442.04,68509.09,68975.56,2313.0
2024-03-03 17:00:00,68951.7,69162.94,68489.36,68826.15,4582.6
2024-03-03 18:00:00,68887.35,69518.66,68626.71,69072.68,3831.4
2024-03-03 19:00:00,68995.2,69486.8,69332.24,69409.52,2942.8
2024-03-03 20:00:00,69356.29,69914.43,68979.85,69447.14,2883.4
2024-03-03 21:00:00,69451.87,70056.76,69877.51,69967.14,2065.0
2024-03-03 22:00:00,70039.12,70077.71,69071.75,69574.73,2842.3
2024-03-03 23:00:00,69609.63,70066.52,68962.11,69514.32,3449.2
2024-03-04 00:00:00,69531.58,69483.99,69060.26,69272.12,2382.6
2024-03-04 01:00:00,69277.53,68802.23,68462.88,68632.56,3713.7
2024-03-04 02:00:00,68660.02,69047.24,68174.85,68611.05,4375.5
2024-03-04 03:00:00,68624.88,68766.18,68386.1,68576.14,1196.1
2024-03-04 04:00:00,68505.51,69589.72,68614.14,69101.93,2532.0
2024-03-04 05:00:00,69105.12,69446.03,69207.56,69326.79,2336.1
2024-03-04 06:00:00,69252.36,69108.5,68848.91,68978.71,3593.6
2024-03-04 07:00:00,68984.3,70171.91,69078.23,69625.07,1624.4
2024-03-04 08:00:00,69591.6,70457.61,69656.6,70057.11,3381.1
2024-03-04 09:00:00,70235.01,70754.84,69781.18,70268.01,4448.7
2024-03-04 10:00:00,70265.21,70425.03,69965.9,70195.47,2381.6
2024-03-04 11:00:00,70096.89,70266.45,69465.04,69865.74,4599.6
2024-03-04 12:00:00,69856.37,70102.56,69382.86,69742.71,4969.2
2024-03-04 13:00:00,69778.93,70495.56,69763.12,70129.34,977.4
2024-03-04 14:00:00,70246.69,71206.23,70388.13,70797.18,1548.7
2024-03-04 15:00:00,70755.45,71709.26,70991.83,71350.55,4776.7
2024-03-04 16:00:00,71237.64,71468.26,70898.31,71183.28,4812.5
2024-03-04 17:00:00,71241.43,70999.43,70584.39,70791.91,939.7
2024-03-04 18:00:00,70694.18,71300.88,70396.84,70848.86,567.5
2024-03-04 19:00:00,70817.96,70410.95,70048.02,70229.48,1225.0
2024-03-04 20:00:00,70211.39,70761.29,69938.69,70349.99,4982.1
2024-03-04 21:00:00,70345.09,70490.24,70119.97,70305.1,1310.0
2024-03-04 22:00:00,70353.55,70525.52,69771.1,70148.31,2761.5
2024-03-04 23:00:00,70100.35,70029.55,69162.44,69595.99,4317.9
2024-03-05 00:00:00,69576.94,69958.29,69605.06,69781.68,591.8
2024-03-05 01:00:00,69780.68,69701.6,69503.98,69602.79,3220.2
2024-03-05 02:00:00,69613.2,69335.25,69069.96,69202.6,1746.6
2024-03-05 03:00:00,69209.37,68573.27,67858.1,68215.68,4380.5
2024-03-05 04:00:00,68245.43,68686.94,67739.3,68213.12,1775.6
2024-03-05 05:00:00,68270.68,68914.9,68733.89,68824.4,3590.4
2024-03-05 06:00:00,68851.42,69829.02,68976.89,69402.95,3534.0
2024-03-05 07:00:00,69434.43,69485.98,69016.57,69251.28,1496.7
2024-03-05 08:00:00,69141.7,69350.03,68749.34,69049.68,656.6
2024-03-05 09:00:00,69053.15,69737.71,68699.15,69218.43,2341.6
2024-03-05 10:00:00,69251.62,69108.76,68650.88,68879.82,1801.4
2024-03-05 11:00:00,68930.03,69284.36,68696.93,68990.64,4140.4
2024-03-05 12:00:00,68942.88,69337.7,69185.91,69261.8,4101.6
2024-03-05 13:00:00,69216.16,69803.13,69584.13,69693.63,2556.6
2024-03-05 14:00:00,69653.62,69861.47,69469.93,69665.7,3229.3
2024-03-05 15:00:00,69703.07,69684.89,69518.55,69601.72,3219.2
2024-03-05 16:00:00,69673.68,69678.73,68927.54,69303.13,4222.2
2024-03-05 17:00:00,69274.89,69298.58,68748.49,69023.54,2412.5
2024-03-05 18:00:00,69086.21,69285.8,68618.75,68952.28,1739.5
2024-03-05 19:00:00,68960.79,69239.37,68932.28,69085.83,1692.7
2024-03-05 20:00:00,69077.24,69621.5,69195.12,69408.31,2912.9
2024-03-05 21:00:00,69393.64,69526.92,68746.12,69136.52,2521.2
2024-03-05 22:00:00,69188.14,70199.78,69119.07,69659.43,2480.5
2024-03-05 23:00:00,69682.11,69666.09,69477.84,69571.96,910.1
2024-03-06 00:00:00,69730.3,70074.67,69068.3,69571.49,3733.7
2024-03-06 01:00:00,69512.2,69667.76,68969.28,69318.52,1461.8
2024-03-06 02:00:00,69354.43,68824.05,68146.4,68485.23,1386.3
2024-03-06 03:00:00,68448.99,69104.51,68485.09,68794.8,2357.4
2024-03-06 04:00:00,68734.99,69157.73,68952.53,69055.13,1525.0
2024-03-06 05:00:00,69054.38,69077.25,68852.55,68964.9,3127.4
2024-03-06 06:00:00,68974.37,69354.11,68635.68,68994.9,2171.6
2024-03-06 07:00:00,69196.24,69414.08,68945.49,69179.78,2520.1
2024-03-06 08:00:00,69167.04,69155.63,68136.8,68646.22,2917.3
2024-03-06 09:00:00,68568.64,68734.85,68208.15,68471.5,1415.9
2024-03-06 10:00:00,68490.19,68887.97,68612.56,68750.27,1200.9
2024-03-06 11:00:00,68607.63,68736.14,67915.81,68325.98,4461.9
2024-03-06 12:00:00,68319.69,68642.06,68224.14,68433.1,2451.8
2024-03-06 13:00:00,68434.19,68293.78,67657.75,67975.77,2354.4
2024-03-06 14:00:00,68029.78,68542.09,67740.09,68141.09,660.3
2024-03-06 15:00:00,68207.44,68633.28,67638.25,68135.76,2740.9
2024-03-06 16:00:00,68101.45,68034.75,67149.92,67592.34,2993.8
2024-03-06 17:00:00,67582.16,68382.64,67602.83,67992.73,3014.8
2024-03-06 18:00:00,67940.64,68139.86,67359.73,67749.8,3681.6
2024-03-06 19:00:00,67673.37,67996.41,66967.79,67482.1,1298.7
2024-03-06 20:00:00,67503.01,67763.97,67349.07,67556.52,1635.0
2024-03-06 21:00:00,67470.48,68019.75,67882.79,67951.27,4148.3
2024-03-06 22:00:00,67923.09,67809.26,67416.6,67612.93,4762.3
2024-03-06 23:00:00,67545.64,67811.35,67469.74,67640.54,1111.7
2024-03-07 00:00:00,67677.72,68174.2,67410.47,67792.33,2739.4
2024-03-07 01:00:00,67914.46,68403.88,67664.22,68034.05,1463.8
2024-03-07 02:00:00,67945.5,68451.88,67749.87,68100.87,770.3
2024-03-07 03:00:00,67974.68,68058.42,67907.0,67982.71,1964.8
2024-03-07 04:00:00,67974.22,68121.32,67295.08,67708.2,1146.6
2024-03-07 05:00:00,67709.26,67965.3,67522.97,67744.13,3694.7
2024-03-07 06:00:00,67758.95,67768.86,67006.65,67387.75,2901.8
2024-03-07 07:00:00,67357.67,66735.32,66085.03,66410.17,1147.3
2024-03-07 08:00:00,66396.85,66788.03,66335.52,66561.78,541.6
2024-03-07 09:00:00,66586.24,66999.13,66739.41,66869.27,4136.7
2024-03-07 10:00:00,66938.84,66195.68,65976.15,66085.92,1292.9
2024-03-07 11:00:00,65956.72,66207.4,65310.36,65758.88,3228.0
2024-03-07 12:00:00,65734.62,66459.1,65478.96,65969.03,2016.1
2024-03-07 13:00:00,65983.14,67024.12,66284.45,66654.28,3134.7
2024-03-07 14:00:00,66593.1,66782.82,66552.94,66667.88,1920.4
2024-03-07 15:00:00,66783.29,66685.26,66178.49,66431.87,891.2
2024-03-07 16:00:00,66389.66,66782.84,65972.69,66377.77,1503.3
2024-03-07 17:00:00,66375.03,67272.42,66409.0,66840.71,1346.3
2024-03-07 18:00:00,66877.88,66753.28,66509.74,66631.51,2426.1
2024-03-07 19:00:00,66592.11,66438.3,66305.53,66371.92,3462.3
2024-03-07 20:00:00,66249.36,66614.67,65822.04,66218.35,1687.1
2024-03-07 21:00:00,66189.97,66139.76,65678.9,65909.33,554.3
2024-03-07 22:00:00,65977.18,66139.8,65772.9,65956.35,2835.2
2024-03-07 23:00:00,65934.13,66571.24,66426.23,66498.74,3225.9
2024-03-08 00:00:00,66442.45,66931.36,66294.26,66612.81,4832.9
2024-03-08 01:00:00,66674.47,66998.38,66072.46,66535.42,3152.6
2024-03-08 02:00:00,66513.41,66956.85,65933.14,66444.99,2620.3
2024-03-08 03:00:00,66411.1,66259.34,65605.27,65932.31,3080.3
2024-03-08 04:00:00,65942.16,66534.77,65925.29,66230.03,4675.6
2024-03-08 05:00:00,66281.07,66316.51,66105.24,66210.87,4227.7
2024-03-08 06:00:00,66368.57,66478.09,65837.4,66157.75,1953.4
2024-03-08 07:00:00,66212.47,67466.62,66974.59,67220.61,1567.6
2024-03-08 08:00:00,67298.57,67681.21,66974.27,67327.74,1681.9
2024-03-08 09:00:00,67293.67,67331.01,66831.78,67081.39,2769.9
2024-03-08 10:00:00,67012.57,67124.65,66765.54,66945.1,3848.2
2024-03-08 11:00:00,66949.27,67448.3,67224.11,67336.2,2764.5
2024-03-08 12:00:00,67343.42,67596.99,67165.16,67381.07,805.1
2024-03-08 13:00:00,67308.4,67015.41,66791.08,66903.25,3756.1
2024-03-08 14:00:00,66891.52,67367.89,67066.98,67217.44,4126.9
2024-03-08 15:00:00,67244.28,67529.66,66469.55,66999.6,1802.7
2024-03-08 16:00:00,67023.75,67911.74,67355.97,67633.85,3488.6
2024-03-08 17:00:00,67667.96,68327.05,67684.66,68005.86,2419.7
2024-03-08 18:00:00,68025.64,68343.4,67377.7,67860.55,4501.0
2024-03-08 19:00:00,67826.15,68846.29,67757.7,68301.99,4303.5
2024-03-08 20:00:00,68266.89,68679.05,67984.94,68332.0,2864.4
2024-03-08 21:00:00,68250.07,69089.14,68171.24,68630.19,3611.8
2024-03-08 22:00:00,68752.68,69029.65,68577.12,68803.39,4475.1
2024-03-08 23:00:00,68804.31,68734.27,68303.94,68519.11,2730.7
2024-03-09 00:00:00,68503.7,68566.34,68044.63,68305.48,1909.6
2024-03-09 01:00:00,68242.04,69055.98,68272.17,68664.07,3891.5
2024-03-09 02:00:00,68865.65,68951.94,68160.07,68556.0,1490.3
2024-03-09 03:00:00,68482.42,68643.91,68205.08,68424.5,2248.4
2024-03-09 04:00:00,68395.15,68236.18,67972.96,68104.57,4395.8
2024-03-09 05:00:00,68132.89,68626.03,67885.22,68255.63,3759.9
2024-03-09 06:00:00,68296.59,69097.26,68835.43,68966.35,2317.1
2024-03-09 07:00:00,69032.41,68951.54,68258.71,68605.12,1466.4
2024-03-09 08:00:00,68729.13,69021.99,68218.59,68620.29,2101.9
2024-03-09 09:00:00,68655.02,69519.74,68703.63,69111.69,1778.5
2024-03-09 10:00:00,69038.7,69524.58,68657.58,69091.08,1292.4
2024-03-09 11:00:00,69073.33,69746.66,68761.86,69254.26,3845.0
2024-03-09 12:00:00,69275.58,69203.31,68583.31,68893.31,1634.3
2024-03-09 13:00:00,69035.8,69469.74,68625.74,69047.74,2543.8
2024-03-09 14:00:00,68951.22,69358.04,68622.03,68990.03,2236.4
2024-03-09 15:00:00,69073.0,69496.88,69177.04,69336.96,4919.3
2024-03-09 16:00:00,69349.43,69837.84,69673.24,69755.54,2259.9
2024-03-09 17:00:00,69813.99,70877.12,70454.28,70665.7,859.9
2024-03-09 18:00:00,70658.49,71168.25,70586.88,70877.57,904.2
2024-03-09 19:00:00,70817.86,71377.82,70622.41,71000.11,3158.4
2024-03-09 20:00:00,71053.43,71570.18,70582.26,71076.22,3197.1
2024-03-09 21:00:00,71122.73,71126.25,70789.39,70957.82,2384.4
2024-03-09 22:00:00,71026.79,71218.56,70951.45,71085.01,2443.3
2024-03-09 23:00:00,71084.06,71536.87,70437.37,70987.12,742.7
2024-03-10 00:00:00,70944.54,71178.81,70929.22,71054.01,2824.5
2024-03-10 01:00:00,70943.25,71840.33,71218.11,71529.22,2771.3
2024-03-10 02:00:00,71587.83,71539.31,70813.46,71176.39,1173.0
2024-03-10 03:00:00,71206.56,71932.05,71246.28,71589.17,967.3
2024-03-10 04:00:00,71520.03,72183.25,71952.31,72067.78,1056.1
2024-03-10 05:00:00,72028.97,72133.23,71931.66,72032.44,954.6
2024-03-10 06:00:00,71998.82,71399.34,71151.53,71275.44,3243.7
2024-03-10 07:00:00,71169.74,71428.32,70703.58,71065.95,1384.2
2024-03-10 08:00:00,71007.84,71878.02,71189.81,71533.92,1631.4
2024-03-10 09:00:00,71452.81,71721.46,71344.32,71532.89,1281.1
2024-03-10 10:00:00,71503.38,71571.6,70793.66,71182.63,4810.3
2024-03-10 11:00:00,71130.05,71488.73,70531.45,71010.09,4345.8
2024-03-10 12:00:00,70894.56,71407.73,71223.58,71315.65,1537.2
2024-03-10 13:00:00,71459.9,71838.63,71196.85,71517.74,1974.0
2024-03-10 14:00:00,71607.32,71855.6,71023.3,71439.45,1444.5
2024-03-10 15:00:00,71383.8,71512.84,71118.3,71315.57,2713.4
2024-03-10 16:00:00,71335.0,71407.55,70958.47,71183.01,588.2
2024-03-10 17:00:00,71212.72,71237.07,70486.58,70861.83,3521.2
2024-03-10 18:00:00,70946.23,71961.74,70920.77,71441.25,2854.2
2024-03-10 19:00:00,71382.77,71809.02,70857.51,71333.26,4543.9
2024-03-10 20:00:00,71411.17,72139.27,71409.76,71774.52,1239.8
2024-03-10 21:00:00,71735.19,72769.69,71885.62,72327.65,4118.5
2024-03-10 22:00:00,72231.03,72954.26,72437.57,72695.91,4063.8
2024-03-10 23:00:00,72748.55,72944.34,72148.25,72546.3,1072.3
2024-03-11 00:00:00,72639.94,73009.94,72390.06,72700.0,2293.5
2024-03-11 01:00:00,72888.14,72867.83,72529.12,72698.47,1265.7
2024-03-11 02:00:00,72611.25,72805.16,71949.35,72377.25,1646.2
2024-03-11 03:00:00,72427.84,72856.79,72146.96,72501.87,1684.6
2024-03-11 04:00:00,72472.16,72334.74,71828.68,72081.71,3003.1
2024-03-11 05:00:00,72138.17,73052.1,71981.84,72516.97,2351.3
2024-03-11 06:00:00,72410.33,72438.71,72272.8,72355.76,4764.8
2024-03-11 07:00:00,72264.39,72668.31,72203.22,72435.77,1068.7
2024-03-11 08:00:00,72379.57,72647.04,72444.18,72545.61,4881.6
2024-03-11 09:00:00,72551.34,72920.2,71997.7,72458.95,1537.9
2024-03-11 10:00:00,72412.5,73108.63,72248.88,72678.76,3977.9
2024-03-11 11:00:00,72726.65,72754.15,72272.74,72513.45,2025.4
2024-03-11 12:00:00,72587.91,73253.93,72419.27,72836.6,1143.9
2024-03-11 13:00:00,72880.27,72626.59,72080.82,72353.7,4360.5
2024-03-11 14:00:00,72470.83,72862.37,71950.95,72406.66,1889.9
2024-03-11 15:00:00,72436.77,73421.43,72810.28,73115.85,3464.8
2024-03-11 16:00:00,73026.88,73040.2,72474.73,72757.47,3049.0
2024-03-11 17:00:00,72856.66,73065.2,71971.17,72518.19,2622.9
2024-03-11 18:00:00,72474.3,72912.18,72511.37,72711.78,2731.2
2024-03-11 19:00:00,72777.98,72918.49,72650.19,72784.34,3795.1
2024-03-11 20:00:00,72898.88,73290.51,72547.93,72919.22,895.0
2024-03-11 21:00:00,72952.52,73674.0,72535.72,73104.86,3506.8
2024-03-11 22:00:00,72995.49,73611.51,73076.85,73344.18,4531.2
2024-03-11 23:00:00,73276.84,73864.25,73652.68,73758.47,760.0
2024-03-12 00:00:00,73856.03,74166.46,73667.5,73916.98,1132.9
2024-03-12 01:00:00,73904.48,74170.53,73499.88,73835.21,3724.8
2024-03-12 02:00:00,73841.08,74248.96,73932.82,74090.89,2467.8
2024-03-12 03:00:00,74147.11,75221.51,74382.72,74802.12,2316.0
2024-03-12 04:00:00,74854.2,75356.89,74163.09,74759.99,1116.3
2024-03-12 05:00:00,74780.83,74712.87,74093.51,74403.19,2780.5
2024-03-12 06:00:00,74387.66,75083.09,74561.87,74822.48,1069.5
2024-03-12 07:00:00,74799.08,75069.48,74500.37,74784.93,2644.8
2024-03-12 08:00:00,74849.08,74113.6,73846.38,73979.99,3936.3
2024-03-12 09:00:00,74020.94,74834.55,73767.15,74300.85,1662.2
2024-03-12 10:00:00,74281.73,74398.71,73820.1,74109.4,2663.5
2024-03-12 11:00:00,74189.6,74358.18,73808.35,74083.27,4964.1
2024-03-12 12:00:00,74073.71,74630.57,73796.73,74213.65,3589.9
2024-03-12 13:00:00,74150.44,74595.92,73987.59,74291.76,4286.1
2024-03-12 14:00:00,74235.37,74975.62,74149.82,74562.72,2366.8
2024-03-12 15:00:00,74489.74,74514.23,74301.41,74407.82,3955.4
2024-03-12 16:00:00,74387.55,75105.72,74106.59,74606.15,682.3
2024-03-12 17:00:00,74698.2,75081.9,73951.7,74516.8,1053.1
2024-03-12 18:00:00,74456.8,75214.01,74385.03,74799.52,1413.8
2024-03-12 19:00:00,74813.61,75613.57,74460.71,75037.14,2308.8
2024-03-12 20:00:00,74987.87,74847.55,74539.81,74693.68,4305.9
2024-03-12 21:00:00,74674.24,75432.84,74780.62,75106.73,2058.2
2024-03-12 22:00:00,74993.32,75303.46,74522.48,74912.97,3445.8
2024-03-12 23:00:00,74896.45,75604.67,74841.59,75223.13,3691.9
2024-03-13 00:00:00,75208.56,75655.97,75081.62,75368.8,3137.8
2024-03-13 01:00:00,75409.52,76325.13,75812.95,76069.04,2107.6
2024-03-13 02:00:00,76086.03,76135.11,75848.2,75991.65,3096.7
2024-03-13 03:00:00,75900.59,76150.44,75582.62,75866.53,2040.2
2024-03-13 04:00:00,75948.78,76029.0,75704.5,75866.75,877.4
2024-03-13 05:00:00,75882.7,76224.53,75294.12,75759.33,4967.6
2024-03-13 06:00:00,75774.36,76257.19,75882.65,76069.92,1072.3
2024-03-13 07:00:00,76069.22,75569.16,75356.36,75462.76,825.6
2024-03-13 08:00:00,75423.69,75438.09,74707.39,75072.74,4453.4
2024-03-13 09:00:00,75089.09,75065.27,74293.59,74679.43,1858.3
2024-03-13 10:00:00,74714.95,75574.79,74508.69,75041.74,3426.3
2024-03-13 11:00:00,74910.65,76072.48,75309.69,75691.08,1980.5
2024-03-13 12:00:00,75650.31,75917.76,75400.49,75659.12,2261.5
2024-03-13 13:00:00,75639.84,76103.4,75102.25,75602.83,1679.5
2024-03-13 14:00:00,75622.19,75998.56,75275.18,75636.87,2043.7
2024-03-13 15:00:00,75727.13,76202.14,75965.53,76083.83,2348.2
2024-03-13 16:00:00,76025.12,76114.4,75362.92,75738.66,3741.9
2024-03-13 17:00:00,75700.95,76394.37,75278.64,75836.5,2801.9
2024-03-13 18:00:00,75797.63,76501.51,75926.22,76213.86,4746.0
2024-03-13 19:00:00,76152.78,76647.35,76177.52,76412.44,688.5
2024-03-13 20:00:00,76385.91,76645.82,76339.2,76492.51,2763.8
2024-03-13 21:00:00,76551.47,77041.41,76724.63,76883.02,3129.0
2024-03-13 22:00:00,76802.0,76157.18,75545.91,75851.55,4640.9
2024-03-13 23:00:00,75884.0,76509.72,75722.72,76116.22,721.2
2024-03-14 00:00:00,75986.68,75993.6,75756.21,75874.9,3080.7
2024-03-14 01:00:00,75832.31,75757.69,74618.3,75188.0,4341.3
2024-03-14 02:00:00,75163.22,75861.58,74913.81,75387.7,1588.7
2024-03-14 03:00:00,75513.96,76300.66,75525.38,75913.02,4443.3
2024-03-14 04:00:00,75892.16,76384.28,75352.61,75868.44,585.7
2024-03-14 05:00:00,75701.44,76356.52,76118.46,76237.49,3796.0
2024-03-14 06:00:00,76085.1,77193.11,76526.29,76859.7,4699.0
2024-03-14 07:00:00,76862.31,77791.34,76954.07,77372.7,3457.4
2024-03-14 08:00:00,77420.19,78545.43,77484.34,78014.88,2475.6
2024-03-14 09:00:00,78044.17,78819.97,77804.37,78312.17,702.0
2024-03-14 10:00:00,78325.29,78579.84,78119.23,78349.54,4640.5
2024-03-14 11:00:00,78440.6,78319.48,77140.14,77729.81,2616.3
2024-03-14 12:00:00,77687.86,77787.17,77496.72,77641.95,630.5
2024-03-14 13:00:00,77711.43,77873.35,76771.36,77322.35,3604.2
2024-03-14 14:00:00,77196.16,78778.85,77559.94,78169.4,2668.3
2024-03-14 15:00:00,78098.66,78283.44,77933.5,78108.47,1059.6
2024-03-14 16:00:00,77967.33,78637.64,77691.16,78164.4,1464.2
2024-03-14 17:00:00,78142.92,78488.24,78287.26,78387.75,790.2
2024-03-14 18:00:00,78384.12,78713.62,78111.73,78412.68,3084.3
2024-03-14 19:00:00,78421.62,79449.98,78720.19,79085.09,3299.1
2024-03-14 20:00:00,79089.98,79246.1,78447.46,78846.78,2775.8
2024-03-14 21:00:00,78773.65,79527.44,78335.33,78931.39,4177.0
2024-03-14 22:00:00,78916.37,79095.0,78197.52,78646.26,4374.5
2024-03-14 23:00:00,78528.49,78476.42,77793.68,78135.05,3270.3
2024-03-15 00:00:00,78241.57,78423.3,77384.42,77903.86,557.4
2024-03-15 01:00:00,77880.21,78493.43,77301.02,77897.22,3628.5
2024-03-15 02:00:00,77859.14,77827.55,77648.06,77737.81,2381.0
2024-03-15 03:00:00,77861.33,78086.78,76866.11,77476.44,3045.0
2024-03-15 04:00:00,77380.2,77062.74,76816.08,76939.41,3420.9
2024-03-15 05:00:00,76852.81,77430.52,76399.75,76915.13,2076.1
2024-03-15 06:00:00,76830.82,76570.3,76117.99,76344.15,4626.9
2024-03-15 07:00:00,76338.96,76789.46,76494.35,76641.91,1102.9
2024-03-15 08:00:00,76674.99,76993.95,76368.38,76681.17,3521.8
2024-03-15 09:00:00,76737.88,76549.3,75710.7,76130.0,519.6
2024-03-15 10:00:00,76325.81,76298.65,75741.17,76019.91,4660.9
2024-03-15 11:00:00,75848.91,75846.29,75636.95,75741.62,1006.3
2024-03-15 12:00:00,75787.73,76264.31,75475.83,75870.07,927.0
2024-03-15 13:00:00,75827.8,76945.06,75827.25,76386.16,1998.5
2024-03-15 14:00:00,76341.36,75956.29,75398.92,75677.61,2181.0
2024-03-15 15:00:00,75630.7,75919.11,75538.29,75728.7,1464.4
2024-03-15 16:00:00,75659.88,75985.76,75365.52,75675.64,3133.0
2024-03-15 17:00:00,75803.12,76038.87,75835.58,75937.23,2493.1
2024-03-15 18:00:00,76001.19,76538.44,75513.1,76025.77,653.8
2024-03-15 19:00:00,76027.53,76261.43,75233.63,75747.53,1938.4
2024-03-15 20:00:00,75849.86,76021.21,75247.32,75634.26,4146.9
2024-03-15 21:00:00,75519.86,75602.35,75079.23,75340.79,3603.7
2024-03-15 22:00:00,75240.54,76253.52,75253.8,75753.66,3761.9
2024-03-15 23:00:00,75588.67,76139.28,75399.34,75769.31,3641.5
2024-03-16 00:00:00,75716.32,77015.91,75978.38,76497.15,1899.4
2024-03-16 01:00:00,76509.52,76896.14,76067.05,76481.59,948.5
2024-03-16 02:00:00,76489.46,76713.06,75723.62,76218.34,1726.1
2024-03-16 03:00:00,76229.73,76041.71,75256.49,75649.1,4243.0
2024-03-16 04:00:00,75542.36,75266.96,74682.31,74974.64,4912.1
2024-03-16 05:00:00,75034.85,74961.49,73815.08,74388.28,2722.3
2024-03-16 06:00:00,74406.11,74851.74,74138.41,74495.08,543.7
2024-03-16 07:00:00,74549.69,75083.07,74300.96,74692.01,1130.2
2024-03-16 08:00:00,74550.64,74297.46,73920.48,74108.97,1949.4
2024-03-16 09:00:00,74132.06,74848.53,74047.54,74448.04,3103.6
2024-03-16 10:00:00,74359.61,74647.14,73904.19,74275.67,837.9
2024-03-16 11:00:00,74246.15,74508.13,74167.09,74337.61,4745.1
2024-03-16 12:00:00,74377.33,75050.49,74838.08,74944.29,2142.9
2024-03-16 13:00:00,74951.11,75681.64,74894.05,75287.84,4606.6
2024-03-16 14:00:00,75223.73,75671.46,74717.12,75194.29,4012.3
2024-03-16 15:00:00,75194.76,75215.91,74517.58,74866.74,3899.5
2024-03-16 16:00:00,74752.08,74260.38,73877.09,74068.73,3230.2
2024-03-16 17:00:00,74153.93,74227.99,73391.63,73809.81,3320.5
2024-03-16 18:00:00,73794.66,73854.36,73624.18,73739.27,3371.0
2024-03-16 19:00:00,73821.75,73683.02,73082.33,73382.68,3329.2
2024-03-16 20:00:00,73344.04,73499.07,73184.64,73341.85,2991.8
2024-03-16 21:00:00,73303.45,73545.49,73209.25,73377.37,4938.9
2024-03-16 22:00:00,73321.3,73479.31,73125.11,73302.21,3795.3
2024-03-16 23:00:00,73366.44,73342.18,72800.44,73071.31,3996.3
2024-03-17 00:00:00,73019.47,73239.56,73040.91,73140.23,4426.1
2024-03-17 01:00:00,73187.38,73586.61,73031.72,73309.17,1470.4
2024-03-17 02:00:00,73281.13,73250.92,72582.71,72916.82,877.1
2024-03-17 03:00:00,72772.74,73760.4,73116.63,73438.51,2673.0
2024-03-17 04:00:00,73396.63,73679.76,73139.54,73409.65,2813.4
2024-03-17 05:00:00,73323.1,73928.63,72919.2,73423.91,4231.3
2024-03-17 06:00:00,73426.4,73839.91,73542.6,73691.26,2497.0
2024-03-17 07:00:00,73603.53,74119.53,73449.58,73784.55,3068.8
2024-03-17 08:00:00,73852.88,74249.91,74037.22,74143.57,2871.8
2024-03-17 09:00:00,74136.81,74368.67,74146.18,74257.42,671.9
2024-03-17 10:00:00,74244.24,74408.91,73666.01,74037.46,3268.5
2024-03-17 11:00:00,74086.02,74546.77,73810.6,74178.69,4226.2
2024-03-17 12:00:00,74250.19,74289.02,73234.78,73761.9,1208.8
2024-03-17 13:00:00,73760.42,74171.36,73447.28,73809.32,3174.5
2024-03-17 14:00:00,73752.4,74374.1,73234.77,73804.44,3171.2
2024-03-17 15:00:00,73673.51,73833.89,73636.15,73735.02,1238.8
2024-03-17 16:00:00,73684.43,73819.26,73570.75,73695.0,1055.6
2024-03-17 17:00:00,73649.52,73104.49,72913.43,73008.96,4910.2
2024-03-17 18:00:00,73016.77,72983.2,72648.69,72815.95,2271.7
2024-03-17 19:00:00,72790.82,73205.94,72508.13,72857.03,1523.4
2024-03-17 20:00:00,72907.15,73325.01,72520.09,72922.55,1271.0
2024-03-17 21:00:00,72877.85,72650.85,72459.43,72555.14,3504.2
2024-03-17 22:00:00,72551.0,73578.12,72465.01,73021.56,3242.5
2024-03-17 23:00:00,73108.02,73213.98,72211.25,72712.62,3396.0
2024-03-18 00:00:00,72737.47,73297.14,72847.56,73072.35,896.0
2024-03-18 01:00:00,73067.96,73348.54,73122.93,73235.74,4520.9
2024-03-18 02:00:00,73191.65,73166.25,72846.6,73006.43,2251.7
2024-03-18 03:00:00,72960.2,73800.89,73522.65,73661.77,1910.2
2024-03-18 04:00:00,73599.11,73365.94,73093.09,73229.51,2580.6
2024-03-18 05:00:00,73189.89,73914.02,73232.74,73573.38,2255.3
2024-03-18 06:00:00,73628.98,74150.03,73747.61,73948.82,4386.1
2024-03-18 07:00:00,73932.41,73966.75,73449.76,73708.26,4681.7
2024-03-18 08:00:00,73608.77,74817.18,73640.43,74228.81,1865.5
2024-03-18 09:00:00,74360.06,74572.73,73714.12,74143.43,4387.7
2024-03-18 10:00:00,74167.15,74825.41,73690.32,74257.87,4016.9
2024-03-18 11:00:00,74153.39,74510.51,74213.38,74361.95,4688.6
2024-03-18 12:00:00,74329.09,74592.57,74046.32,74319.44,1605.9
2024-03-18 13:00:00,74327.69,74992.59,74263.75,74628.17,3096.3
2024-03-18 14:00:00,74755.38,75046.91,74816.52,74931.72,1735.5
2024-03-18 15:00:00,74848.68,74360.57,74207.65,74284.11,4208.4
2024-03-18 16:00:00,74356.61,75201.7,74350.29,74775.99,524.0
2024-03-18 17:00:00,74880.64,74569.25,73754.55,74161.9,3041.7
2024-03-18 18:00:00,74115.28,74841.12,74263.26,74552.19,2026.4
2024-03-18 19:00:00,74531.5,75311.61,74647.67,74979.64,1952.1
2024-03-18 20:00:00,74901.94,74869.6,74286.68,74578.14,3402.1
2024-03-18 21:00:00,74562.96,74519.35,74345.47,74432.41,4331.7
2024-03-18 22:00:00,74429.68,74276.17,73780.53,74028.35,3241.4
2024-03-18 23:00:00,74077.18,74121.83,73790.57,73956.2,4339.3
2024-03-19 00:00:00,74036.83,73974.42,73724.96,73849.69,1690.7
2024-03-19 01:00:00,73794.44,74715.66,73574.27,74144.96,2837.8
2024-03-19 02:00:00,73999.1,75025.93,74250.36,74638.14,2527.4
2024-03-19 03:00:00,74636.56,75625.02,74707.9,75166.46,552.4
2024-03-19 04:00:00,75188.53,75203.14,74722.25,74962.7,3005.7
2024-03-19 05:00:00,74981.39,75172.77,74610.78,74891.77,3476.9
2024-03-19 06:00:00,74867.31,74466.33,74071.44,74268.89,3163.6
2024-03-19 07:00:00,74278.15,74101.25,73852.87,73977.06,3813.3
2024-03-19 08:00:00,74089.17,74508.85,74173.83,74341.34,3071.0
2024-03-19 09:00:00,74369.72,75442.66,74455.94,74949.3,800.4
2024-03-19 10:00:00,74921.31,74922.03,74066.42,74494.22,1024.0
2024-03-19 11:00:00,74456.96,74639.66,73922.33,74281.0,3184.1
2024-03-19 12:00:00,74268.38,74599.92,73957.32,74278.62,1737.4
2024-03-19 13:00:00,74400.19,74944.83,73835.37,74390.1,858.4
2024-03-19 14:00:00,74376.46,74208.22,73984.58,74096.4,2433.2
2024-03-19 15:00:00,74094.94,74481.04,74040.79,74260.92,2994.5
2024-03-19 16:00:00,74225.1,74347.99,73836.82,74092.41,1979.4
2024-03-19 17:00:00,74173.83,74574.37,73614.55,74094.46,3742.0
2024-03-19 18:00:00,74239.67,74894.79,73713.71,74304.25,3397.0
2024-03-19 19:00:00,74337.74,74513.58,74114.56,74314.07,1997.7
2024-03-19 20:00:00,74320.22,74687.38,73631.33,74159.35,3896.9
2024-03-19 21:00:00,74162.08,74631.25,73621.0,74126.13,3419.1
2024-03-19 22:00:00,73949.39,74291.42,73910.16,74100.79,3368.5
2024-03-19 23:00:00,74156.01,74251.85,73690.36,73971.11,2990.4
2024-03-20 00:00:00,73981.03,74168.55,73597.03,73882.79,551.3
2024-03-20 01:00:00,73914.44,75065.23,73896.25,74480.74,3634.3
2024-03-20 02:00:00,74427.75,74866.36,74527.79,74697.08,2192.2
2024-03-20 03:00:00,74668.36,75086.07,74102.31,74594.19,4741.7
2024-03-20 04:00:00,74563.53,75111.58,74611.6,74861.59,4180.9
2024-03-20 05:00:00,74938.07,75201.27,74286.98,74744.13,3144.6
2024-03-20 06:00:00,74715.82,75486.28,74893.77,75190.02,1634.8
2024-03-20 07:00:00,75346.62,75716.85,74956.17,75336.51,1416.7
2024-03-20 08:00:00,75368.97,75817.82,74789.43,75303.62,2031.7
2024-03-20 09:00:00,75207.56,75980.09,74979.36,75479.73,2644.6
2024-03-20 10:00:00,75470.02,75423.55,74365.3,74894.43,1832.3
2024-03-20 11:00:00,74845.62,74585.54,74374.41,74479.97,2817.2
2024-03-20 12:00:00,74316.54,74475.54,73610.07,74042.8,1244.2
2024-03-20 13:00:00,74161.23,74249.85,73956.41,74103.13,4899.7
2024-03-20 14:00:00,74155.23,75044.8,74460.13,74752.46,985.7
2024-03-20 15:00:00,74792.32,75959.8,75228.03,75593.91,4693.7
2024-03-20 16:00:00,75606.42,76132.29,75552.98,75842.64,4611.1
2024-03-20 17:00:00,75737.82,76392.77,75687.53,76040.15,2864.1
2024-03-20 18:00:00,76003.37,75964.06,74761.92,75362.99,3762.1
2024-03-20 19:00:00,75426.43,75312.35,75019.73,75166.04,2462.2
2024-03-20 20:00:00,75087.02,75306.39,74448.57,74877.48,3335.2
2024-03-20 21:00:00,74687.91,74934.12,74370.94,74652.53,2032.6
2024-03-20 22:00:00,74635.58,74741.29,74453.18,74597.24,1855.2
2024-03-20 23:00:00,74586.66,74585.74,74271.48,74428.61,3102.0
2024-03-21 00:00:00,74438.7,74262.9,73136.05,73699.47,2741.6
2024-03-21 01:00:00,73753.16,74511.95,73452.94,73982.44,3107.9
2024-03-21 02:00:00,74029.62,74133.88,73052.17,73593.02,1790.0
2024-03-21 03:00:00,73612.07,74273.56,73103.28,73688.42,2151.3
2024-03-21 04:00:00,73776.51,74643.0,74276.93,74459.96,877.5
2024-03-21 05:00:00,74346.86,74383.68,73866.57,74125.12,735.2
2024-03-21 06:00:00,74162.53,73610.82,72778.67,73194.75,1640.6
2024-03-21 07:00:00,73240.61,73418.05,72776.75,73097.4,834.1
2024-03-21 08:00:00,73006.79,73795.88,73218.3,73507.09,967.0
2024-03-21 09:00:00,73396.62,74494.37,73974.04,74234.2,4158.2
2024-03-21 10:00:00,74178.83,74165.73,73404.78,73785.26,674.9
2024-03-21 11:00:00,73736.44,74347.92,73603.84,73975.88,3465.2
2024-03-21 12:00:00,74031.61,73968.4,73653.93,73811.17,1726.5
2024-03-21 13:00:00,73765.81,74096.86,73462.04,73779.45,4422.0
2024-03-21 14:00:00,73716.27,75126.73,74397.9,74762.32,2682.5
2024-03-21 15:00:00,74716.59,74578.41,73837.52,74207.97,1875.1
2024-03-21 16:00:00,74290.98,74493.13,74125.93,74309.53,2829.4
2024-03-21 17:00:00,74310.5,74952.27,74029.2,74490.74,2218.8
2024-03-21 18:00:00,74477.38,74990.7,74814.47,74902.59,3039.4
2024-03-21 19:00:00,74894.35,75207.88,74685.67,74946.78,1015.4
2024-03-21 20:00:00,75043.61,75554.77,74584.65,75069.71,4986.5
2024-03-21 21:00:00,75013.47,75300.91,74559.51,74930.21,2415.0
2024-03-21 22:00:00,75028.78,75250.75,74826.31,75038.53,2067.0
2024-03-21 23:00:00,75054.33,75356.64,74477.91,74917.27,3695.9
2024-03-22 00:00:00,74905.25,75531.26,74783.93,75157.6,2137.5
2024-03-22 01:00:00,75345.56,75519.42,74533.02,75026.22,4249.7
2024-03-22 02:00:00,74947.02,75637.15,74713.22,75175.18,2544.2
2024-03-22 03:00:00,75148.59,75567.91,74775.49,75171.7,3738.0
2024-03-22 04:00:00,75079.06,75936.41,75268.5,75602.45,983.5
2024-03-22 05:00:00,75674.46,75736.65,75444.52,75590.59,4307.5
2024-03-22 06:00:00,75718.27,75140.02,74716.03,74928.02,3810.7
2024-03-22 07:00:00,75053.15,75704.91,75111.65,75408.28,1452.7
2024-03-22 08:00:00,75500.58,75464.34,74684.3,75074.32,1153.8
2024-03-22 09:00:00,75059.49,75180.37,74492.48,74836.42,1923.3
2024-03-22 10:00:00,74809.09,74846.18,74395.87,74621.02,4892.3
2024-03-22 11:00:00,74496.32,75219.84,75062.75,75141.29,1655.7
2024-03-22 12:00:00,75294.27,74679.02,74013.82,74346.42,2552.6
2024-03-22 13:00:00,74381.29,75746.77,75293.74,75520.26,635.1
2024-03-22 14:00:00,75483.11,76392.94,75460.22,75926.58,2287.5
2024-03-22 15:00:00,76027.41,76107.68,75930.16,76018.92,3070.9
2024-03-22 16:00:00,75944.97,76392.81,75618.5,76005.66,4789.1
2024-03-22 17:00:00,76036.56,76699.57,75543.99,76121.78,2825.3
2024-03-22 18:00:00,76108.64,76497.25,76158.22,76327.73,4186.0
2024-03-22 19:00:00,76376.48,76911.02,76252.19,76581.6,2962.1
2024-03-22 20:00:00,76576.74,76927.96,76676.06,76802.01,683.5
2024-03-22 21:00:00,76690.57,77257.49,76430.68,76844.09,1917.5
2024-03-22 22:00:00,76849.9,77148.6,76403.3,76775.95,3090.0
2024-03-22 23:00:00,76856.48,77021.07,76430.05,76725.56,4777.7
2024-03-23 00:00:00,76723.32,77014.89,76302.02,76658.46,4366.1
2024-03-23 01:00:00,76717.88,77661.68,76539.7,77100.69,1527.6
2024-03-23 02:00:00,77020.08,77520.82,77153.61,77337.22,1490.5
2024-03-23 03:00:00,77335.19,76296.19,76119.7,76207.94,1405.3
2024-03-23 04:00:00,76160.35,77003.17,75927.81,76465.49,4651.2
2024-03-23 05:00:00,76522.61,76933.37,76161.8,76547.59,4337.0
2024-03-23 06:00:00,76550.0,77101.88,75994.29,76548.08,3987.0
2024-03-23 07:00:00,76600.91,76802.72,76011.35,76407.04,2267.3
2024-03-23 08:00:00,76490.14,77356.76,76331.49,76844.13,2769.7
2024-03-23 09:00:00,76897.27,77525.33,76906.41,77215.87,2589.5
2024-03-23 10:00:00,77236.96,77405.91,76444.49,76925.2,1640.3
2024-03-23 11:00:00,76848.41,77659.25,76519.67,77089.46,2772.6
2024-03-23 12:00:00,77089.24,77106.63,76338.66,76722.64,637.2
2024-03-23 13:00:00,76681.74,76373.71,76028.44,76201.08,1093.1
2024-03-23 14:00:00,76174.86,76188.83,75751.0,75969.91,4489.7
2024-03-23 15:00:00,75941.46,76487.5,76122.68,76305.09,3882.6
2024-03-23 16:00:00,76230.32,76885.53,76467.19,76676.36,2402.9
2024-03-23 17:00:00,76526.28,77122.52,76638.95,76880.74,2827.2
2024-03-23 18:00:00,76829.37,77544.19,76790.12,77167.15,2165.0
2024-03-23 19:00:00,77182.08,77769.87,76978.19,77374.03,3833.5
2024-03-23 20:00:00,77269.72,77441.01,76826.18,77133.6,4028.8
2024-03-23 21:00:00,77134.81,77718.24,76897.54,77307.89,3934.8
2024-03-23 22:00:00,77454.8,77746.96,77503.06,77625.01,3751.8
2024-03-23 23:00:00,77704.43,78051.34,77799.72,77925.53,1420.3
2024-03-24 00:00:00,78053.61,78569.25,78223.87,78396.56,2020.9
2024-03-24 01:00:00,78427.22,79046.07,78318.02,78682.04,2614.3
2024-03-24 02:00:00,78773.9,79025.08,78631.26,78828.17,1988.6
2024-03-24 03:00:00,78771.1,79494.27,79021.42,79257.85,3897.2
2024-03-24 04:00:00,79206.78,79556.6,78953.92,79255.26,1982.1
2024-03-24 05:00:00,79038.17,79441.11,78386.34,78913.72,1122.0
2024-03-24 06:00:00,79007.32,78943.78,78770.76,78857.27,2295.7
2024-03-24 07:00:00,78978.74,79007.18,78135.72,78571.45,4909.6
